casa_artesania_id,casa_artesania_nombre,casa_artesania_adscripcion,estado_id,nom_ent,municipio_id,nom_mun,localidad_id,nom_loc,casa_artesania_calle_numero,casa_artesania_colonia,casa_artesania_cp,casa_artesania_telfono1,pagina_web,email,gmaps_longitud,gmaps_latitud,link_sic,fecha_mod
250,"Casa del Artesano","Asociación de Artesanos y Manualidades de Aguascalientes, A.C.",1,"Aguascalientes",1,"Aguascalientes",1,"Aguascalientes","Nieto 210","Centro","20000","","","enzoluraschi@yahoo.com",0,0,"http://sic.gob.mx/ficha.php?table=casa_artesania&table_id=250","2018-06-20 04:27:02-05"
34,"Casa de Artesanías del Centro de Artes y Oficios","Instituto Cultural de Aguascalientes (ICA)",1,"Aguascalientes",1,"Aguascalientes",1,"Aguascalientes","Héroe de Nacozari 601 Nte. esq. Ventura Salazar","Barrio de la Estación","20254","","http://www.aguascalientes.gob.mx","artesyoficios1979@hotmail.com",-102.28177,21.88286,"http://sic.gob.mx/ficha.php?table=casa_artesania&table_id=34","2020-03-12 08:16:43-06"
222,"Casa de las Artesanías Aguascalientes","Casa de las Artesanías Aguascalientes",1,"Aguascalientes",1,"Aguascalientes",1,"Aguascalientes","Manuel M. Ponce 134","Barrio de San Marcos","20070","","https://www.facebook.com/p/Casa-de-las-Artesan%C3%ADas-Aguascalientes-61552652739252/?_rdr","luisa_muller69@hotmail.com",-102.3035,21.87898,"http://sic.gob.mx/ficha.php?table=casa_artesania&table_id=222","2024-03-25 10:13:47-06"
284,"Casa del Artesano Calvillo","Municipio de Calvillo",1,"Aguascalientes",3,"Calvillo",1,"Calvillo","Zaragoza 300","Centro","20800","","","fomentoartesanal@gmail.com",-102.71618,21.84665,"http://sic.gob.mx/ficha.php?table=casa_artesania&table_id=284","2024-08-01 13:19:42-06"
282,"Cecut Arte Tradicional","Centro Cultural Tijuana",2,"Baja California",4,"Tijuana",1,"Tijuana","Paseo de los Héroes 9350"," Zona Urbana Río","22010","","","",-117.023,32.5304,"http://sic.gob.mx/ficha.php?table=casa_artesania&table_id=282","2023-02-27 05:50:38-06"
285,"Casa de la artesanía Santa Rosalía","Hagamos Mas por Santa Rosalía, A.C.",3,"Baja California Sur",2,"Mulegé",1,"Santa Rosalía","Calle 5 entre Av. Obregón y Constitución ","Centro ","23920","","https://www.hagamosmas.org.mx/","fundacion@hagamosmas.org.mx",-112.26975,27.3361,"http://sic.gob.mx/ficha.php?table=casa_artesania&table_id=285","2024-08-09 11:19:01-06"
85,"Casa del Artesano Sudcaliforniano","Asociación de Artesanos Sudcalifornianos, A.C.",3,"Baja California Sur",3,"La Paz",1,"La Paz","Av. Álvaro Obregón s/n entre Nicolás Bravo y Rosales","Centro","23000","","http://casadelartesanosudcaliforniano.blogspot.mx/","casartsbcs@gmail.com",0,0,"http://sic.gob.mx/ficha.php?table=casa_artesania&table_id=85","2024-10-14 14:57:47-06"
117,"Bazar Artesanal","Gobierno del Estado de Campeche",4,"Campeche",2,"Campeche",1,"San Francisco de Campeche","Av. Pedro Saenz de Baranda s/n local L-201-223","Centro","24000","","https://www.facebook.com/bazarartesanalcampeche/?locale=es_LA"," bazarartesanal2020@gmail.com",-90.53594,19.85074,"http://sic.gob.mx/ficha.php?table=casa_artesania&table_id=117","2023-06-30 05:46:04-06"
29,"Casa de Artesanías Tukulná","Gobierno del Estado de Campeche",4,"Campeche",2,"Campeche",1,"San Francisco de Campeche","Calle 10 núm. 333 entre 59 y 61","Centro","24000","","http://www.tukulna.com.mx/","tukulna@inefaac.gob.mx",-90.53854,19.8448,"http://sic.gob.mx/ficha.php?table=casa_artesania&table_id=29","2022-06-27 07:24:44-05"
216,"Casa del Artesano de Coahuila","Secretaría de Turismo de Coahuila",5,"Coahuila de Zaragoza",30,"Saltillo",1,"Saltillo","Av. Miguel Hidalgo 305","Centro","25000","","https://coahuilacultura.gob.mx/","culturacoah@gmail.com",-101.00107,25.42019,"http://sic.gob.mx/ficha.php?table=casa_artesania&table_id=216","2024-09-17 13:58:27-06"
54,"Tienda de Artesanías del DIF","DIF",6,"Colima",2,"Colima",1,"Colima","And. Constitución s/n esq. Zaragoza","Centro","28000","","","",0,0,"http://sic.gob.mx/ficha.php?table=casa_artesania&table_id=54","2021-08-06 09:08:49-05"
224,"Tienda Casa Chiapas Aeropuerto","Gobierno del Estado, Instituto Casa Chiapas",7,"Chiapas",27,"Chiapa de Corzo",1,"Chiapa de Corzo","Aeropuerto Ángel Albino Corzo s/n, Francisco Sarabia","","29176","","http://www.chiapasdespega.com/","aeropuertotuxt@gmail.com",0,0,"http://sic.gob.mx/ficha.php?table=casa_artesania&table_id=224","2023-11-08 06:02:59-06"
35,"Tienda Casa Chiapas Palenque","Gobierno del Estado de Chiapas/Instituto Casa de las Artesanías",7,"Chiapas",65,"Palenque",1,"Palenque","Carr. Zona Arqueológica Km. 6.5","Col. Palenque","29960","","http://casachiapas.gob.mx/funcionarios1","cmartinez.viramontes@gmail.com",0,0,"http://sic.gob.mx/ficha.php?table=casa_artesania&table_id=35","2024-03-12 08:17:38-06"
47,"Tienda Casa Chiapas San Cristóbal de las Casas","Gobierno del Estado, Instituto Casa Chiapas",7,"Chiapas",78,"San Cristóbal de las Casas",1,"San Cristóbal de las Casas","Av. Hidalgo s/n esq. Niños Héroes Nte.","Centro","29200","","","",-92.63805,16.73506,"http://sic.gob.mx/ficha.php?table=casa_artesania&table_id=47","2023-12-06 04:56:17-06"
108,"Tienda Casa de las Artesanías de Chiapas","Gobierno del Estado, Instituto Casa Chiapas",7,"Chiapas",101,"Tuxtla Gutiérrez",1,"Tuxtla Gutiérrez","Blvd. Belisario Domínguez 2035","Col. Xamaipak","29060","","https://casadelasartesaniaschiapas.gob.mx/","icasachiapas@gmail.com; tiendatuxtla@gmail.com",-93.13774,16.75461,"http://sic.gob.mx/ficha.php?table=casa_artesania&table_id=108","2025-04-21 12:28:42-06"
49,"Museo Casa de las Artesanías","Gobierno del Estado de Chihuahua",8,"Chihuahua",9,"Bocoyna",1,"Bocoyna","Av. Ferrocarril 172","Centro","33200","","","",-107.63491,27.75323,"http://sic.gob.mx/ficha.php?table=casa_artesania&table_id=49","2020-02-04 11:02:38-06"
53,"Casa de las Artesanías del Estado de Chihuahua","Gobierno del Estado de Chihuahua/Secretaría de Economía",8,"Chihuahua",19,"Chihuahua",1,"Chihuahua","Av. Niños Héroes 1101 esq. Universidad","Centro","31000","","","casartesaniaschihuahua@hotmail.com",-106.07859,28.63844,"http://sic.gob.mx/ficha.php?table=casa_artesania&table_id=53","2025-01-13 09:40:00-06"
279,"Casa de las Artesanías Chomari","",8,"Chihuahua",27,"Guachochi",1,"Guachochi","   Adolfo López Mateos s/n","Centro","33180","","","",-107.06889,26.82068,"http://sic.gob.mx/ficha.php?table=casa_artesania&table_id=279","2023-02-08 04:33:54-06"
277,"Casa Mejicú","Encantos Arte Mágico de México S.A. de C.V.",9,"Ciudad de México",3,"Coyoacán",1,"Coyoacán","Calz. de Tlalpan 2191 ","Col. Ciudad Jardín","04370","","https://casamejicu.com/","ventastlalpan@casamejicu.com   ",-99.14326,19.33864,"http://sic.gob.mx/ficha.php?table=casa_artesania&table_id=277","2025-05-29 10:47:09-06"
249,"Casa de Artesanías Uriarte Talavera, Sucursal San Ángel","Arte en Talavera Casas y Uriarte, S.A. de C.V.",9,"Ciudad de México",10,"Álvaro Obregón",1,"Álvaro Obregón","Amargura 17","Col. San Ángel","01000","","http://www.uriartetalavera.com.mx/","rosamaria.howe@uriartetalavera.com.mx",-99.19206,19.3455,"http://sic.gob.mx/ficha.php?table=casa_artesania&table_id=249","2017-05-12 10:48:53-05"
139,"Tienda de Artesanías IAIP, Sucursal Distrito Federal","Gobierno del Estado de Puebla/Instituto de Artesanías e Industrias Populares del Estado de Puebla",9,"Ciudad de México",15,"Cuauhtémoc",1,"Cuauhtémoc","Av. Chapultepec 494","Col. Roma Norte","06700","","http://www.iaip.pue.gob.mx","heimdaldf@hotmail.com",-99.17232,19.4213,"http://sic.gob.mx/ficha.php?table=casa_artesania&table_id=139","2017-11-05 15:08:13-06"
31,"Tienda de Artesanías del Fonart, Sucursal Palacio Nacional","Fondo Nacional para el Fomento de las Artesanías",9,"Ciudad de México",15,"Cuauhtémoc",1,"Cuauhtémoc","Plaza de la Constitución s/n Patio Principal","Centro Histórico","06067","","http://www.fonart.gob.mx","tda_palacio@fonart.gob.mx",-99.13188,19.43246,"http://sic.gob.mx/ficha.php?table=casa_artesania&table_id=31","2017-10-17 19:24:25-05"
38,"Tienda de Artesanías del Fonart<br>Tienda Reforma","Fondo Nacional para el Fomento de las Artesanías",9,"Ciudad de México",15,"Cuauhtémoc",1,"Cuauhtémoc","Av. Paseo de la Reforma 116-PB ","Col. Juárez","06600","","http://www.fonart.gob.mx","tda_reforma@fonart.gob.mx",-99.1565,19.43189,"http://sic.gob.mx/ficha.php?table=casa_artesania&table_id=38","2017-10-17 14:22:19-05"
157,"Tienda del Museo de Arte Popular, Casa Matriz","Secretaría de Cultura/Gobierno de la CDMX/Asociación de Amigos del MAP",9,"Ciudad de México",15,"Cuauhtémoc",1,"Cuauhtémoc","Revillagigedo 11 esq. Independencia","Centro","06010","","https://www.tiendamap.com.mx/","tiendadelmap@gmail.com",-99.14635,19.43373,"http://sic.gob.mx/ficha.php?table=casa_artesania&table_id=157","2017-10-27 07:24:17-05"
204,"La Canasta. Tienda de Artes de México"," Artes de México",9,"Ciudad de México",15,"Cuauhtémoc",1,"Cuauhtémoc","Córdoba 69","Col. Roma","06700","","https://www.facebook.com/pages/La-Canasta-Tienda-de-Artes-de-M%C3%A9xico/539289399484878","servicios.clientes@artesdemexico.com",-99.15918,19.42064,"http://sic.gob.mx/ficha.php?table=casa_artesania&table_id=204","2017-10-18 12:48:06-05"
228,"Casa de Artesanías Uriarte Talavera, Sucursal Polanco","Arte en Talavera Casas y Uriarte, S.A. de C.V.",9,"Ciudad de México",16,"Miguel Hidalgo",1,"Miguel Hidalgo","Galileo 67 A","Col. Polanco","11550","","https://www.uriartetalavera.com.mx/","polanco@uriartetalavera.com.mx ",-99.19266,19.43121,"http://sic.gob.mx/ficha.php?table=casa_artesania&table_id=228","2025-04-16 09:52:36-06"
283,"Casa de las artesanías y artesanos","Fondo Nacional para el Fomento de las Artesanías",9,"Ciudad de México",16,"Miguel Hidalgo",1,"Miguel Hidalgo","Parque Lira s/n","Bosque de Chapultepec I Secc.","11580","","https://www.facebook.com/LosPinos.Cultura?locale=es_LA","contactolospinos@cultura.gob.mx",-99.19024,19.40711,"http://sic.gob.mx/ficha.php?table=casa_artesania&table_id=283","2023-03-23 06:38:13-06"
158,"Tienda del Museo de Arte Popular, Sucursal Polanco","Secretaría de Cultura Federal, Gobierno de la Ciudad de México, Asociación de Amigos del MAP",9,"Ciudad de México",16,"Miguel Hidalgo",1,"Miguel Hidalgo","Emilio Castelar 22 esq. Temístocles","Col. Polanco Chapultepec","11560","","http://www.tiendamap.com/index.php?route=product/category&path=98","tiendadelmap@gmail.com; direccion2@tiendamap.com.mx; karen.torres@tiendamap.com.mx",-99.19253,19.42916,"http://sic.gob.mx/ficha.php?table=casa_artesania&table_id=158","2018-03-21 12:14:16-06"
21,"Tienda Permanente del Museo Nacional de Antropología","Secretaría de Cultura/INAH",9,"Ciudad de México",16,"Miguel Hidalgo",1,"Miguel Hidalgo","Av. Paseo de la Reforma s/n","Col. Polanco Chapultepec","11560","","http://www.tiendadelmuseo.com.mx","",-99.18588,19.42581,"http://sic.gob.mx/ficha.php?table=casa_artesania&table_id=21","2017-10-17 14:20:05-05"
198,"Tienda de Artesanías del Fonart, Tienda Galerías 2 Aeropuerto Internacional de la Ciudad de México","Fondo Nacional para el Fomento de las Artesanías",9,"Ciudad de México",17,"Venustiano Carranza",1,"Venustiano Carranza","Av. Fuerza Aerea Mexicana s/n local IS-18 Sala de última espera internacional de la terminal 2 ","Col. Peñón de los Baños","15620","","","http://www.fonart.gob.mx",-99.07831,19.42379,"http://sic.gob.mx/ficha.php?table=casa_artesania&table_id=198","2020-12-08 07:27:52-06"
119,"Tienda Casa de las Artesanías Chiapas AICM-T1","Gobierno del Estado, Instituto Casa Chiapas",9,"Ciudad de México",17,"Venustiano Carranza",1,"Venustiano Carranza","Aeropuerto Internacional de la Ciudad de México Terminal 1<br> Av. Cap. Carlos León s/n entre las Salas de Abordar 13 y 14","Col. Peñon de los Baños","15620","","https://casadelasartesaniaschiapas.gob.mx/","tiendaaicm@gmail.com",-99.08555,19.43409,"http://sic.gob.mx/ficha.php?table=casa_artesania&table_id=119","2024-08-09 10:44:02-06"
58,"Casa de Artesanías Tlacuhilos","Universidad Juárez del Estado de Durango",10,"Durango",5,"Durango",1,"Victoria de Durango","Int. del Kiosco, Av. 20 de noviembre s/n, frente a la Catedral","Centro Histórico","34000","","http://www.ujed.mx/portal/publico/inicio.aspx","escueladepintura@yahoo.com.mx",-104.67026,24.024,"http://sic.gob.mx/ficha.php?table=casa_artesania&table_id=58","2017-03-21 12:41:04-06"
295,"Cerámica María Dolores","",11,"Guanajuato",14,"Dolores Hidalgo Cuna de la Independencia Nacional",1,"Dolores Hidalgo Cuna de la Independencia Nacional","Av. 20 de noviembre 14","Col. Revolución","37800","","https://mariadoloresceramica.com.mx/","toolg55@yahoo.com.mx",-100.92406,21.15517,"http://sic.gob.mx/ficha.php?table=casa_artesania&table_id=295","2024-10-21 13:42:59-06"
221,"Casa de Artesanías Guanajuato","Secretaría de Desarrollo Económico Sustentable",11,"Guanajuato",15,"Guanajuato",1,"Guanajuato","Plaza de la Paz 14","Centro","36000","","","sortiza@guanajuato.gob.mx",-101.25375,21.01637,"http://sic.gob.mx/ficha.php?table=casa_artesania&table_id=221","2024-09-12 12:54:14-06"
199,"Artesanías Casa Museo Gene Byron","Particular",11,"Guanajuato",15,"Guanajuato",1,"Guanajuato","Ex Hacienda de Santa Ana, Real de Marfil s/n","Col. Marfil","36251","","http://www.museogenebyron.org/","genebyron_museo@yahoo.com; info@museogenebyron.org",0,0,"http://sic.gob.mx/ficha.php?table=casa_artesania&table_id=199","2024-04-09 10:44:13-06"
212," Lupita¨s Boutique","",12,"Guerrero",38,"Zihuatanejo de Azueta",1,"Zihuatanejo","Calle Juan Alvarez  núm.5-A","Centro","40880","",""," Lupitamunoz1984@yahoo.com",-101.55674,17.63889,"http://sic.gob.mx/ficha.php?table=casa_artesania&table_id=212","2023-11-24 06:02:06-06"
177,"Fruity Keiko Galería ","particular",12,"Guerrero",38,"Zihuatanejo de Azueta",1,"Zihuatanejo","Agustín Ramírez y Juan N. Alvarez","Centro","40880","","","fruttykeiko@gmail.com",-101.55631,17.63907,"http://sic.gob.mx/ficha.php?table=casa_artesania&table_id=177","2023-11-24 05:59:03-06"
182,"Arte Mexicano Nopal","",12,"Guerrero",38,"Zihuatanejo de Azueta",1,"Zihuatanejo","Av. 5 de Mayo 56","Centro","40880","","http://www.lacasadetierra.com.mx/","rmonge@live.com.mx",-101.55881,17.63914,"http://sic.gob.mx/ficha.php?table=casa_artesania&table_id=182","2021-07-16 10:25:45-05"
181,"Artesanias Sánchez","particular",12,"Guerrero",66,"Tlapa de Comonfort",1,"Tlapa de Comonfort","Morelos núm.123 B ","Centro","","","","",0,0,"http://sic.gob.mx/ficha.php?table=casa_artesania&table_id=181","2017-05-02 12:22:50-05"
59,"Tienda Artesanal Hidarte","Gobierno del Estado, Secretaría de Desarrollo Social, Fomento Artesanal",13,"Hidalgo",48,"Pachuca de Soto",1,"Pachuca de Soto","Av. Juárez s/n  esq. Vicente Segura","Col. Periodistas","42060","","","araceli.islas@live.com.mx; irmafhuitron@hotmail.com",-98.74604,20.11604,"http://sic.gob.mx/ficha.php?table=casa_artesania&table_id=59","2025-06-11 11:19:29-06"
40,"Casa de las Artesanías<br>Sucursal Ajijic","Instituto de la Artesanía Jalisciense",14,"Jalisco",30,"Chapala",2,"Ajijic","Km. 6.5, Carr. Jocotepec-Chapala ","Col. La Floresta","45920","","http://www.artesaniasjalisco.gob.mx/","rene.carrillo@artesaniasjalisco.gob.mx",0,0,"http://sic.gob.mx/ficha.php?table=casa_artesania&table_id=40","2015-02-10 11:50:22-06"
60,"Casa de las Artesanías<br>Sucursal Guadalajara","Instituto de la Artesanía Jalisciense",14,"Jalisco",39,"Guadalajara",1,"Guadalajara","Calz. González Gallo 20 ","Rincón del Agua Azul","44180","","https://www.jalisco.gob.mx/inicio","",-103.34802,20.66232,"http://sic.gob.mx/ficha.php?table=casa_artesania&table_id=60","2024-04-05 12:24:41-06"
203,"Artesanías Finas de Teocaltiche","José Antonio Delgadillo",14,"Jalisco",91,"Teocaltiche",1,"Teocaltiche","Ramón Corona 5","Centro","47200","","","",-102.57542,21.43651,"http://sic.gob.mx/ficha.php?table=casa_artesania&table_id=203","2024-06-24 14:05:07-06"
120,"Casa de las Artesanías<br>Sucursal Tlaquepaque","Instituto de la Artesanía Jalisciense",14,"Jalisco",98,"San Pedro Tlaquepaque",1,"Tlaquepaque","Independencia 237","Centro","45500","","https://sc.jalisco.gob.mx/patrimonio/museos/museo-regional-de-la-ceramica-de-tlaquepaque","ana.rosas@tlaquepaque.gob.mx; ceramicamuseo@gmail.com",-103.31482,20.63924,"http://sic.gob.mx/ficha.php?table=casa_artesania&table_id=120","2024-09-17 13:00:42-06"
33,"Instituto Tonalteca de las Artesanías del Municipio de Tonalá","Ayuntamiento de Tonalá/Dirección de Cultura",14,"Jalisco",101,"Tonalá",1,"Tonalá","Constitución 104","Centro ","45400","","http://www.tonala.gob.mx","casadeartesanostonala@gmail.com; culturatonalamx@gmail.com",-103.24296,20.62685,"http://sic.gob.mx/ficha.php?table=casa_artesania&table_id=33","2025-06-09 16:47:48-06"
293,"Tienda de Artesanías CASART, San Martín de las Pirámides","",15,"México",0,"Total de la entidad México",0,"Total de la Entidad","Museo de la Obsidiana y Biblioteca","Benito Juárez s/n, Centro","56600","","https://iifaem.edomex.gob.mx/tiendas","dgiifaem@edomex.gob.mx; artesanias@edomex.gob.mx",-98.83376,19.70504,"http://sic.gob.mx/ficha.php?table=casa_artesania&table_id=293","2024-09-17 12:20:46-06"
162,"Casa de Artesanías de Acambay","Ayuntamiento de Cambay",15,"México",1,"Acambay de Ruíz Castañeda",41,"San Ildefonso (San Ildefonso Yolotepec)","Camino a San Indelfonso Yolotepec","Carr. Panamericana","50300","","","difeducacion_acambay@live.com.mx",0,0,"http://sic.gob.mx/ficha.php?table=casa_artesania&table_id=162","2021-08-09 08:52:22-05"
296,"Artesanías Nezahualcóyotl ","",15,"México",58,"Nezahualcóyotl",1,"Ciudad Nezahualcóyotl","Mariquita Linda 326","Col. Benito Juárez ","57000","","","artesaniasennezahualcoyotl@gmail.com",-99.00126,19.411,"http://sic.gob.mx/ficha.php?table=casa_artesania&table_id=296","2024-10-29 08:53:36-06"
294,"Tienda de Artesanías CASART, Otumba","Gobierno del Estado de México/Instituto de Investigacíon y Fomento de las Artesanías del Estado de México",15,"México",65,"Otumba",1,"Otumba de Gómez Farías","Plaza de la Constitución 17","Centro","55900","","https://iifaem.edomex.gob.mx/tiendas","dgiifaem@edomex.gob.mx; artesanias@edomex.gob.mx",-98.7575,19.69985,"http://sic.gob.mx/ficha.php?table=casa_artesania&table_id=294","2024-09-17 12:28:30-06"
290,"Tienda de Artesanías CASART, Tenancingo","Secretaría de Cultura y Turismo del Estado de México/Instituto de Investigación y Fomento de las Artesanías del Estado de México",15,"México",88,"Tenancingo",1,"Tenancingo de Degollado","Centro Regional de Cultura de Tenancingo, Paseo de los Insurgentes s/n","Barrio de la Trinidad","52400","","https://iifaem.edomex.gob.mx/tiendas","dgiifaem@edomex.gob.mx, artesanias@edomex.gob.mx",-99.5851,18.96391,"http://sic.gob.mx/ficha.php?table=casa_artesania&table_id=290","2024-09-13 14:32:51-06"
286,"Tienda de Artesanías CASART Texcoco, Casa del Constituyente","Secretaría de Cultura y Turismo del Estado de México/Instituto de Investigación y Fomento de las Artesanías del Estado de México",15,"México",99,"Texcoco",1,"Texcoco de Mora","Centro Regional de Cultura de Texcoco, Nezahualcóyotl 206","Centro","56100","","https://iifaem.edomex.gob.mx/tiendas","dgiifaem@edomex.gob.mx, artesanias@edomex.gob.mx",-98.88052,19.51375,"http://sic.gob.mx/ficha.php?table=casa_artesania&table_id=286","2024-09-13 13:01:43-06"
288,"Tienda de Artesanías CASART, Texcoco (Centro Cultural Mexiquense Bicentenario)","Secretaría de Cultura y Turismo del Estado de México/Instituto de Investigación y Fomento de las Artesanías del Estado de México",15,"México",99,"Texcoco",1,"Texcoco de Mora","Carretera Los Reyes Texcoco, km. 14.3","San Miguel","56250","","https://iifaem.edomex.gob.mx/tiendas","dgiifaem@edomex.gob.mx, artesanias@edomex.gob.mx",-98.89807,19.45341,"http://sic.gob.mx/ficha.php?table=casa_artesania&table_id=288","2024-09-13 13:57:47-06"
289,"Tienda de Artesanías CASART, Parque de la Ciencia Fundadores","Gobierno del Estado de México/Instituto de Investigacíon y Fomento de las Artesanías del Estado de México",15,"México",106,"Toluca",1,"Toluca de Lerdo","Av. Sebastián Lerdo de Tejada","Centro","50000","","https://iifaem.edomex.gob.mx/tiendas","dgiifaem@edomex.gob.mx, artesanias@edomex.gob.mx",-99.65517,19.29397,"http://sic.gob.mx/ficha.php?table=casa_artesania&table_id=289","2024-09-13 14:10:27-06"
173,"Tienda de Artesanías CASART  Aeropuerto Internacional de Toluca","Secretaría de Cultura y Turismo del Estado de México/Instituto de Investigación y Fomento de las Artesanías del Estado de México",15,"México",106,"Toluca",1,"Toluca de Lerdo","Int. del Aeropuerto Internacional del Estado de Toluca frente a llegadas Nacionales","Col. San Pedro Totoltepec","50226","","https://iifaem.edomex.gob.mx/tiendas","artesanías@edomex.gob.mx, dgiifaem@edomex.gob.mx",-99.57096,19.33856,"http://sic.gob.mx/ficha.php?table=casa_artesania&table_id=173","2024-09-12 14:49:27-06"
292,"Tienda de Artesanías CASART, Chalco","Gobierno del Estado de México/Instituto de Investigacíon y Fomento de las Artesanías del Estado de México",15,"México",106,"Toluca",1,"Toluca de Lerdo","Centro Regional de  Cultura de Chalco","Cuauhtémoc 2, Centro","56600","","https://iifaem.edomex.gob.mx/tiendas","dgiifaem@edomex.gob.mx; artesanias@edomex.gob.mx",-98.8996,19.26339,"http://sic.gob.mx/ficha.php?table=casa_artesania&table_id=292","2024-09-17 12:02:08-06"
220,"Tienda de Artesanías CASART, Toluca","Secretaría de Cultura y Turismo del Estado de México/Instituto de Investigación y Fomento de las Artesanías del Estado de México",15,"México",106,"Toluca",1,"Toluca de Lerdo","Paseo Tollocan 700 Ote., esq. Av. Urawa","Col. Izcalli IPIEM","50150","","https://iifaem.edomex.gob.mx/tiendas","artesanias@edomex.gob.mx",-99.63782,19.28541,"http://sic.gob.mx/ficha.php?table=casa_artesania&table_id=220","2024-09-17 11:33:51-06"
287,"Tienda de Artesanías CASART, Museo Torres Bicentenario","Gobierno del Estado de México/Instituto de Investigacíon y Fomento de las Artesanías del Estado de México",15,"México",106,"Toluca",1,"Toluca de Lerdo","Intersección A. José María Morelos y Pavón, Paseo Tollocan y Av. Alfredo del Mazo s/n","Santa Ana Tlapaltitlán","50160","","https://iifaem.edomex.gob.mx/tiendas","dgiifaem@edomex.gob.mx, artesanias@edomex.gob.mx",-99.62911,19.28778,"http://sic.gob.mx/ficha.php?table=casa_artesania&table_id=287","2024-09-13 13:28:58-06"
174,"Casa de Artesanías de Valle de Bravo","Gobierno del Estado de México/Instituto de Investigacíon y Fomento de las Artesanías del Estado de México",15,"México",110,"Valle de Bravo",109,"Tres Puentes","Fray Gregorio Jiménez de la Cuenca s/n","Col. Santa María Ahuacatlán","52560","","","artesanias@edomex.gob.mx",0,0,"http://sic.gob.mx/ficha.php?table=casa_artesania&table_id=174","2021-08-02 07:15:45-05"
165,"Casa de la Cultura de Angamacutiro","Ayuntamiento de Angamacutiro",16,"Michoacán de Ocampo",4,"Angamacutiro",1,"Angamacutiro de la Unión","Prolog. Juan Aldama 44 ","Popular Morelos","58550 ","","http://www.angamacutiro.gob.mx","culturaangamacutiro@hotmail.com",-101.71383,20.15254,"http://sic.gob.mx/ficha.php?table=casa_artesania&table_id=165","2024-02-19 06:13:02-06"
7,"Casa de las Artesanías del Estado de Michoacán","Gobierno del Estado de Michoacán",16,"Michoacán de Ocampo",53,"Morelia",1,"Morelia","Fray Juan de San Miguel 129 esq. Humboldt","Centro","58000","","http://casart.gob.mx","casart@michoacan.gob.mx; rafael.paz@michoacan.gob.mx",-101.18878,19.70136,"http://sic.gob.mx/ficha.php?table=casa_artesania&table_id=7","2017-03-21 12:44:45-06"
128,"Comercializadora Artesanal de Quiroga","Privada",16,"Michoacán de Ocampo",73,"Quiroga",1,"Quiroga","Berriozabal","Centro","58420","","","marcalvillobarriga@gmail.com; maxico1987@hotmail.com",-101.52479,19.66148,"http://sic.gob.mx/ficha.php?table=casa_artesania&table_id=128","2025-06-10 11:15:00-06"
86,"Mujeres Artesanas de las Regiones de Oaxaca","María Aurora Martínez Ríos",20,"Oaxaca",67,"Oaxaca de Juárez",1,"Oaxaca de Juárez","Manuel García Vigil 204 int. 2","Centro","6800","","","mujeresartesanas_oax@hotmail.com",-96.7085,17.07615,"http://sic.gob.mx/ficha.php?table=casa_artesania&table_id=86","2023-01-25 03:53:38-06"
278,"La Casa de las artesanías de Oaxaca","Manos Herederas del Arte, S.C. de R.L. de C.V.",20,"Oaxaca",67,"Oaxaca de Juárez",1,"Oaxaca de Juárez","Matamoros 105","Centro Histórico","68000","","https://lacasadelasartesaniasdeoaxaca.com/?fbclid=IwY2xjawFNOyZleHRuA2FlbQIxMAABHd3Y-n7sX8rSNriyqoWNl9T2j1qQcwn9wmUpEaIW3jCY1KeI61ehRYc8xg_aem_PD6DqKc8BuIsJNxxDQjdBg","casaarteoaxaca@gmail.com",-96.72505,17.06404,"http://sic.gob.mx/ficha.php?table=casa_artesania&table_id=278","2024-09-10 08:48:09-06"
206,"Casa del Artesano Senen Mexic (Acatlán de Osorio)","Asociación de Artesanos, A.C.",20,"Oaxaca",67,"Oaxaca de Juárez",1,"Oaxaca de Juárez","Av. Juárez  8","Centro","74949","","","",-96.72528,17.05999,"http://sic.gob.mx/ficha.php?table=casa_artesania&table_id=206","2021-04-10 10:13:39-05"
91,"Plaza comercial y cultura de las etnias","Artesanos de las Etnias, A.C.",20,"Oaxaca",67,"Oaxaca de Juárez",1,"Oaxaca de Juárez","García Vigil 304","Centro","68000","","","plazalasetnias@hotmail.com.cordova",-96.72,17.06778,"http://sic.gob.mx/ficha.php?table=casa_artesania&table_id=91","2018-05-30 12:14:11-05"
42,"Casa de Artesanías del Instituto Oaxaqueño de las Artesanías","Gobierno del Estado de Oaxaca/Instituto Oaxaqueño de las Artesanías",20,"Oaxaca",67,"Oaxaca de Juárez",1,"Oaxaca de Juárez","García Vigil 809","Centro","68000","","www.ioa.oaxaca.gom.mx","ioa@e-oaxaca.gob.mx",-96.72755,17.0832,"http://sic.gob.mx/ficha.php?table=casa_artesania&table_id=42","2018-05-29 14:39:01-05"
88,"Mercado de Artesanías de Oaxaca","Ayuntamiento del Estado de Oaxaca",20,"Oaxaca",67,"Oaxaca de Juárez",1,"Oaxaca de Juárez","J. P. García s/n esq. Zararagoza","Centro","68000","","","",-96.7224,17.07024,"http://sic.gob.mx/ficha.php?table=casa_artesania&table_id=88","2018-05-30 10:42:06-05"
90,"Productos Típicos Mexicanos","María del Carmen Ruiz Villegas",20,"Oaxaca",67,"Oaxaca de Juárez",1,"Oaxaca de Juárez","Av. Belisario Dominguez 602","Col. Reforma","68050","","","",-96.72446,17.08911,"http://sic.gob.mx/ficha.php?table=casa_artesania&table_id=90","2018-05-30 12:27:51-05"
121,"Casa de Artesanías Maprotierra","Maestros Oaxaqueños del Arte Popular, A.C.",20,"Oaxaca",67,"Oaxaca de Juárez",1,"Oaxaca de Juárez","Matamoros 105-A","Centro","68000","","http://www.casadelasartesanias.com.mx","maestros@casadelasartesanias.com.mx",-96.71674,17.09091,"http://sic.gob.mx/ficha.php?table=casa_artesania&table_id=121","2018-05-28 13:17:20-05"
87,"Casa de las Artesanías de Oaxaca","Maestros Oaxaqueños del Arte Popular, A.C.",20,"Oaxaca",67,"Oaxaca de Juárez",1,"Oaxaca de Juárez","Matamoros 105","Centro","68000","","","casaarteoaxaca@gmail.com",-96.725,17.06404,"http://sic.gob.mx/ficha.php?table=casa_artesania&table_id=87","2025-06-09 17:04:00-06"
247,"Talavera Celia","Consejo Regulador de la Talavera",21,"Puebla",0,"Total de la entidad Puebla",0,"Total de la Entidad","Manzano 10","Arboledas de Guadalupe ","72260","","www.talaveracelia.com","taller@tiendatalaveracelia.com.mx",-98.17699,19.05651,"http://sic.gob.mx/ficha.php?table=casa_artesania&table_id=247","2018-08-14 07:39:49-05"
147,"Casa de Artesanías Talavera de La Luz","Talavera de La Luz, S.A ",21,"Puebla",0,"Total de la entidad Puebla",0,"Total de la Entidad","Juan de Palafox y Mendoza 1413","Centro Histórico","72000","","https://www.talaveradelaluz.com/","ventas@talaveradelaluz.com",-98.18939,19.03974,"http://sic.gob.mx/ficha.php?table=casa_artesania&table_id=147","2023-12-06 03:22:18-06"
225,"Casa del Artesano Acatlán","Exposición, evento y fabricación de artesanías de barro",21,"Puebla",3,"Acatlán",1,"Acatlán de Osorio","Av. Juárez","Centro","74949","","","",-98.04844,18.20192,"http://sic.gob.mx/ficha.php?table=casa_artesania&table_id=225","2019-04-18 20:07:19-05"
269,"Herrería artesanal para cabalgadura Carlos Rodríguez","Particular",21,"Puebla",15,"Amozoc",1,"Amozoc de Mota","Calle 3 Norte 409","Barrio de San Miguel","72980","","https://www.mixcloud.com/RadioBUAP/mar%C3%ADa-merced-rodr%C3%ADguez_libro-amozoc-y-su-patrimonio-la-herrer%C3%ADa-artesanal-para-cabalgadura/","",-98.04472,19.04461,"http://sic.gob.mx/ficha.php?table=casa_artesania&table_id=269","2022-08-29 04:57:05-05"
276,"Alfarería","",21,"Puebla",16,"Aquixtla",15,"El Terrero","","","73620","","","",-97.95333,19.78684,"http://sic.gob.mx/ficha.php?table=casa_artesania&table_id=276","2021-02-02 15:05:21-06"
272," Barro cocido Eligia Luna Genis","Taller individual ",21,"Puebla",33,"Cohuecan",1,"Cohuecan","Josefa Ortíz de Dominguez s/n","Barrio de San Miguel ","74520","","","eligiainicial@gmail.com",-98.72028,18.78321,"http://sic.gob.mx/ficha.php?table=casa_artesania&table_id=272","2022-08-29 05:16:06-05"
264,"Esferas artesanales de vidrio soplado de Chignahuapan, Puebla","Particular",21,"Puebla",53,"Chignahuapan",1,"Ciudad de Chignahuapan","Plaza de la Constitución s/n","Centro","73300","","","",-98.03083,19.83822,"http://sic.gob.mx/ficha.php?table=casa_artesania&table_id=264","2022-08-29 05:14:33-05"
242,"Xochiquetzal","",21,"Puebla",109,"Pahuatlán",1,"Ciudad de Pahuatlán de Valle","2 de abril s/n","Centro","73100","","","xochiquetzalpahuatlan@outlook.com",-98.15011,20.27646,"http://sic.gob.mx/ficha.php?table=casa_artesania&table_id=242","2019-04-18 20:11:46-05"
241,"Huarachería Jimenez","",21,"Puebla",109,"Pahuatlán",1,"Ciudad de Pahuatlán de Valle","2 de abril s/n","Centro","73100","","","",-98.15099,20.2758,"http://sic.gob.mx/ficha.php?table=casa_artesania&table_id=241","2019-04-18 20:09:44-05"
237,"La Serrana","",21,"Puebla",109,"Pahuatlán",1,"Ciudad de Pahuatlán de Valle","Calle 5 de Mayo  2","Centro","73100","","","",-98.15011,20.27646,"http://sic.gob.mx/ficha.php?table=casa_artesania&table_id=237","2019-04-18 20:10:24-05"
238,"Casa Cruz","",21,"Puebla",109,"Pahuatlán",1,"Ciudad de Pahuatlán de Valle","Calle Portal Zaragoza N°3","centro","73100","","http://artecruztalavera.com/","",-98.15052,20.27589,"http://sic.gob.mx/ficha.php?table=casa_artesania&table_id=238","2019-04-18 20:08:51-05"
240,"Sombrereria Pérez","",21,"Puebla",109,"Pahuatlán",1,"Ciudad de Pahuatlán de Valle","5 de Mayo 2","centro","73100","","","",-98.15011,20.27646,"http://sic.gob.mx/ficha.php?table=casa_artesania&table_id=240","2019-04-18 20:11:38-05"
239,"Casa León","",21,"Puebla",109,"Pahuatlán",1,"Ciudad de Pahuatlán de Valle","Calle 5 de Mayo 3","Centro","73100","","","",-98.15011,20.27646,"http://sic.gob.mx/ficha.php?table=casa_artesania&table_id=239","2019-04-18 20:09:36-05"
245,"FÁBRICA DE VIDRIO LA LUZ","",21,"Puebla",114,"Puebla",1,"Heroica Puebla de Zaragoza","3 Ote, 1018 ","Analco ","72000","","www.laluzfabricadevidrio.com.mx","fabrica_laluz@hotmail.com.mx",-98.19215,19.04045,"http://sic.gob.mx/ficha.php?table=casa_artesania&table_id=245","2018-08-14 06:55:19-05"
161,"Casa de artesanías Cihuamet","Cihuamet, A.C.",21,"Puebla",114,"Puebla",1,"Heroica Puebla de Zaragoza","Juan de Palafox y Mendoza 206","Centro Histórico","72000","","http://www.puebla.travel/es/ver-hacer/propuestas-de-compras/item/casa-de-artesanias-cihuamet","",-98.19714,19.0437,"http://sic.gob.mx/ficha.php?table=casa_artesania&table_id=161","2019-04-18 20:11:50-05"
151,"Casa de Artesanías Uriarte Talavera, Sucursal Puebla","Arte en Talavera Casas y Uriarte, S.A. de C.V.",21,"Puebla",114,"Puebla",1,"Heroica Puebla de Zaragoza","Av. 4 Poniente 911","Centro Histórico","72000","","http://www.uriartetalavera.com.mx/","contacto@uriartetalavera.com.mx ",-98.20505,19.04967,"http://sic.gob.mx/ficha.php?table=casa_artesania&table_id=151","2025-06-18 10:47:41-06"
251,"Talavera de la Luz","Talavera de La Luz, S.A ",21,"Puebla",114,"Puebla",1,"Heroica Puebla de Zaragoza","Juan de Palafox y Mendoza 1413","Centro Historico","72000","","http://www.talaveradelaluz.com/","contacto@talaveradelaluz.com.mx",-98.18964,19.03974,"http://sic.gob.mx/ficha.php?table=casa_artesania&table_id=251","2018-08-14 08:29:30-05"
153,"Casa de Artesanía Talavera La Concepción","Talabera La Concepción, S. de R.L. MI.",21,"Puebla",114,"Puebla",1,"Heroica Puebla de Zaragoza","Calle 27 Sur 1114","Centro Histórico","72000","","https://concepcionceramica.com/","concepcionceramica@gmail.com",-98.22062,19.05007,"http://sic.gob.mx/ficha.php?table=casa_artesania&table_id=153","2024-11-25 13:14:48-06"
146,"Casa de Talavera Celia","Casa Celia Talavera Poblana",21,"Puebla",114,"Puebla",1,"Heroica Puebla de Zaragoza","Calle 5 Ote. 608","Centro Histórico","72000","","http://www.talaveracelia.com/","taller@talaberacelia.com; irvinggc@prodigy.net.mx",-98.19722,19.04399,"http://sic.gob.mx/ficha.php?table=casa_artesania&table_id=146","2021-07-21 04:32:03-05"
248,"TALAVERA ARMANDO","CONSEJO REGULADOR DE LA TALAVERA",21,"Puebla",114,"Puebla",1,"Heroica Puebla de Zaragoza","6 Nte. 402","Centro","72000","","http://www.talaverarmando.com.mx/","armando@prodigy.com.mx",-98.19802,19.04373,"http://sic.gob.mx/ficha.php?table=casa_artesania&table_id=248","2018-08-14 07:15:46-05"
149,"Casa de Artesanías Talavera Santa Catarina","María Enriqueta Gamboa Cerdán",21,"Puebla",119,"San Andrés Cholula",1,"San Andrés Cholula","Prol. 14 Ote. 1402","San Juan Aquiahuac","72810","","http://talaverastacatarina.com/","capasso@prodygi.net.mx",-98.28761,19.05283,"http://sic.gob.mx/ficha.php?table=casa_artesania&table_id=149","2019-04-19 07:51:21-05"
227,"Xelhua","Privado",21,"Puebla",119,"San Andrés Cholula",1,"San Andrés Cholula","Av. Morelos 415","Centro","72760","","","",-98.31432,19.03035,"http://sic.gob.mx/ficha.php?table=casa_artesania&table_id=227","2019-04-19 07:56:14-05"
148,"Casa de Artesanías Talavera de la Reyna","Talareyna, S.A. de C.V.",21,"Puebla",119,"San Andrés Cholula",1,"San Andrés Cholula","Lateral Sur 3510, Rrecta a Cholula","Cholula","72810","","http://talaveradelareyna.com.mx/","ventas@talaveradelareyna.com.mx; rp@talaveradelareyna.com.mx",-98.30056,19.05094,"http://sic.gob.mx/ficha.php?table=casa_artesania&table_id=148","2025-05-16 08:54:00-06"
226,"Kavan","Privado",21,"Puebla",119,"San Andrés Cholula",1,"San Andrés Cholula","Av. Morelos 407-B","Centro","72760","","","",-98.31432,19.03035,"http://sic.gob.mx/ficha.php?table=casa_artesania&table_id=226","2019-04-19 07:54:22-05"
200,"La Pirámide","Privada",21,"Puebla",140,"San Pedro Cholula",27,"San Gregorio Zacapechpan","Av. Morelos  416","Centro ","72760","","https://www.facebook.com/pages/category/Household-Supplies/Artesan%C3%ADas-la-piramide-977021159055311/","jmltz@hotmail.com",-98.33479,19.04812,"http://sic.gob.mx/ficha.php?table=casa_artesania&table_id=200","2019-04-19 07:56:07-05"
255,"Papel Picado Artevic","",21,"Puebla",144,"San Salvador Huixcolotla",1,"San Salvador Huixcolotla","Camino 12 de Octubre Nte.","Barrio de San Antonio","75440","","http://www.papelpicadoartevicgrupo.com.mx/","arte-vic@hotmail.com",-97.76556,18.92111,"http://sic.gob.mx/ficha.php?table=casa_artesania&table_id=255","2019-04-19 08:28:07-05"
259,"Papel Picado a la Mexicana","",21,"Puebla",144,"San Salvador Huixcolotla",1,"San Salvador Huixcolotla","Av. Zaragoza s/n","Barrio la Candelaria","75440","","http://papelpicadoalamexicana.com/","",-97.76864,18.92304,"http://sic.gob.mx/ficha.php?table=casa_artesania&table_id=259","2019-04-19 07:57:25-05"
258,"Papel Picado Campechanos","",21,"Puebla",144,"San Salvador Huixcolotla",1,"San Salvador Huixcolotla","Av. 16 de Septiembre Nte. 518","Barrio San Martin","75440","","https://papelpicadocampechanos.com/","",-97.77181,18.91744,"http://sic.gob.mx/ficha.php?table=casa_artesania&table_id=258","2019-04-19 08:28:10-05"
254,"Papel Picado ARTEMEX","",21,"Puebla",144,"San Salvador Huixcolotla",1,"San Salvador Huixcolotla","Av. 16 de Septiembre Nte. 406","Barrio de San Antonio","75440","","https://www.papelpicadoartemex.com/","",-97.76852,18.92293,"http://sic.gob.mx/ficha.php?table=casa_artesania&table_id=254","2019-04-19 07:57:43-05"
253,"Piñatas Rey David","",21,"Puebla",144,"San Salvador Huixcolotla",1,"San Salvador Huixcolotla","Francisco Javier Mina 10","Barrio de San Antonio","75440","","https://www.facebook.com/artesanias.rey.david.huixcolotla/","",-97.76694,18.92169,"http://sic.gob.mx/ficha.php?table=casa_artesania&table_id=253","2019-04-19 08:28:18-05"
252,"Centro Artesanal Huixco","",21,"Puebla",144,"San Salvador Huixcolotla",1,"San Salvador Huixcolotla","Av. Zaragoza 23","Barrio San Martin","75440","","https://www.facebook.com/Centro-Artesanal-Huixco-1663686907221028/","diana_vivanco@hotmail.com",-97.77166,18.91882,"http://sic.gob.mx/ficha.php?table=casa_artesania&table_id=252","2019-04-19 07:56:32-05"
256,"DECORAMEC Papel Picado","",21,"Puebla",144,"San Salvador Huixcolotla",1,"San Salvador Huixcolotla","Av. 5 de Mayo Sur 130","Barrio de San Antonio","75440","","https://www.papelpicadodecoramec.com/","decoramec@hotmail.com",-97.76814,18.92073,"http://sic.gob.mx/ficha.php?table=casa_artesania&table_id=256","2019-04-19 07:57:10-05"
257,"Papel Picado Patiño","",21,"Puebla",144,"San Salvador Huixcolotla",1,"San Salvador Huixcolotla","Av. 5 de Mayo Sur 104 ","Barrio de San Antonio","75440","","http://www.papelpicadopatino.com.mx/","arteydecoracionpatino@hotmail.com",-97.76856,18.92006,"http://sic.gob.mx/ficha.php?table=casa_artesania&table_id=257","2025-06-09 17:10:49-06"
270,"Artesanía en Ónix Tecali de Herrera","Ayuntamiento de Tecali de Herrera",21,"Puebla",153,"Tecali de Herrera",1,"Tecali de Herrera","Av. Rafael Cortés Ote. 7","Centro","75240","","http://www.reconoce.mx/el-arte-de-labrar-el-onix-por-artesanos-poblanos/","",-97.96889,18.90103,"http://sic.gob.mx/ficha.php?table=casa_artesania&table_id=270","2022-08-29 04:50:52-05"
160,"Casa de Artesanías Mex-Mar","Dalia María Cruz López",21,"Puebla",156,"Tehuacán",0,"Total del Municipio","7 Pte. 847","El Riego","75763","","https://www.facebook.com/pages/MEX-MAR-Artesan%C3%ADas-de-%C3%93nix-M%C3%A1rmol/190738257668217?sk=timeline&ref=page_internal","artemexmar@hotmail.com",-97.40621,18.45721,"http://sic.gob.mx/ficha.php?table=casa_artesania&table_id=160","2024-04-05 13:55:37-06"
136,"Tienda de Artesanías IAIP, Sucursal Tehuacán","Gobierno del Estado de Puebla/Instituto de Artesanías e Industrias Populares del Estado de Puebla",21,"Puebla",156,"Tehuacán",1,"Tehuacán","Centro Comercial El Paseo, Calz. Adolfo López Mateos 3800 local 5","Col. San Lorenzo Teotipilco","75855","","","iaip@puebla.gob.mx",0,0,"http://sic.gob.mx/ficha.php?table=casa_artesania&table_id=136","2022-08-29 05:24:28-05"
266,"Bordados tradicionales Guadalupe Reyes Fosado","Particular",21,"Puebla",162,"Tepango de Rodríguez",1,"Tepango de Rodríguez","Av. 13 de junio 71","Col. 4ta. Sección ","73370","","","",-97.79611,20.00281,"http://sic.gob.mx/ficha.php?table=casa_artesania&table_id=266","2022-08-29 06:16:18-05"
267,"Joyería artesanal orgánica Marcelo Mateo González ","Particular",21,"Puebla",162,"Tepango de Rodríguez",1,"Tepango de Rodríguez","Ignacio Zaragoza s/n","Col. 2da. Sección ","73370","","","",-97.79611,20.00281,"http://sic.gob.mx/ficha.php?table=casa_artesania&table_id=267","2022-08-29 06:24:26-05"
274,"Tejidos y bordados María González Peña ","Particular",21,"Puebla",162,"Tepango de Rodríguez",1,"Tepango de Rodríguez","Ignacio Zaragoza s/n","Col. 2da. Sección ","73370","","","",-97.79611,20.00281,"http://sic.gob.mx/ficha.php?table=casa_artesania&table_id=274","2022-08-29 06:30:12-05"
268,"Bordado tradicional María Teresa Francisco Pérez ","Particular",21,"Puebla",162,"Tepango de Rodríguez",1,"Tepango de Rodríguez","Cam. a los potreros s/n","Col. 2da. Sección ","73370","","","",-97.79611,20.00281,"http://sic.gob.mx/ficha.php?table=casa_artesania&table_id=268","2022-08-29 05:25:31-05"
260,"Jorongos Leo Salvador Marín ","particular",21,"Puebla",162,"Tepango de Rodríguez",1,"Tepango de Rodríguez","5 de mayo 86","2da sección ","73370","","","",-97.79611,20.00281,"http://sic.gob.mx/ficha.php?table=casa_artesania&table_id=260","2019-07-28 16:47:52-05"
263,"Bordados tradicionales Micaela María Pérez Marín ","Particular",21,"Puebla",162,"Tepango de Rodríguez",1,"Tepango de Rodríguez","Calle 13 de junio 31","Col. 2da. Sección","73370","","","",-97.79611,20.00281,"http://sic.gob.mx/ficha.php?table=casa_artesania&table_id=263","2022-08-29 06:15:27-05"
261,"Confección de vestuario para danzantes María Isabel Márquez Rosales ","Particular",21,"Puebla",162,"Tepango de Rodríguez",1,"Tepango de Rodríguez","Cam. a Tonalixco s/n","Col. 4ta. Sección ","73370","","","",-97.79611,20.00281,"http://sic.gob.mx/ficha.php?table=casa_artesania&table_id=261","2022-08-29 06:21:32-05"
265,"Artemali Ocoxal","Asociación de Artesanos, A.C.",21,"Puebla",163,"Tepatlaxco de Hidalgo",1,"Tepatlaxco de Hidalgo","3 Sur 519","","75100","","www.artemali.com.mx","artemali.ocoxal@gmail.com",-97.96639,19.0773,"http://sic.gob.mx/ficha.php?table=casa_artesania&table_id=265","2019-07-18 08:34:30-05"
235,"Ma-Xicotl ","Privado",21,"Puebla",197,"Xicotepec",1,"Xicotepec de Juárez","Vicente Suaréz","Centro","73080","","","nilorivera@hotmail.com",-97.95947,20.27982,"http://sic.gob.mx/ficha.php?table=casa_artesania&table_id=235","2019-04-19 08:28:30-05"
234,"Villa Garabatos","Privada",21,"Puebla",197,"Xicotepec",1,"Xicotepec de Juárez","Av. 2 de Abril 173","Centro","73080","","Facebook: Villa Garabatos","lau.villagarabatos@hotmail.com",-97.95853,20.26985,"http://sic.gob.mx/ficha.php?table=casa_artesania&table_id=234","2019-04-19 08:28:33-05"
236,"Arte-Madera","Particular",21,"Puebla",197,"Xicotepec",1,"Xicotepec de Juárez","Blvd. Benito Juárez Nte. 246","Col. 5 de Mayo","73080","","","arte_madera83@hotmail.com",-97.96476,20.27354,"http://sic.gob.mx/ficha.php?table=casa_artesania&table_id=236","2022-08-29 05:22:19-05"
211,"Telar Rústico Valerio","",21,"Puebla",207,"Zacapoaxtla",1,"Zacapoaxtla","Abraham Sosa Núm 21","Centro ","73680","","","",-97.58734,19.87867,"http://sic.gob.mx/ficha.php?table=casa_artesania&table_id=211","2019-04-19 08:28:39-05"
27,"Casa Queretana de Artesanías","Gobierno del Estado de Querétaro/Secretaría de Desarrollo Sustentable",22,"Querétaro",14,"Querétaro",1,"Santiago de Querétaro","And. Libertad 52","Centro Histórico","76000","","http://artesanias.queretaro.gob.mx/","hola@artesanias.queretaro.mx",-100.39001,20.59253,"http://sic.gob.mx/ficha.php?table=casa_artesania&table_id=27","2017-03-29 07:42:03-06"
229,"Tienda de máscaras ","Colección Persona Física",22,"Querétaro",14,"Querétaro",1,"Santiago de Querétaro","Catalina 418-C","Col. Ex Hacienda el Tintero","76134","","","holverajuarez1@hotmail.com",-100.43557,20.60667,"http://sic.gob.mx/ficha.php?table=casa_artesania&table_id=229","2017-03-29 07:37:37-06"
15,"La Campana","",24,"San Luis Potosí",3,"Aquismón",1,"Aquismón","Damián Carmona esq. Juárez","Centro","79000","","","",-99.01978,21.62116,"http://sic.gob.mx/ficha.php?table=casa_artesania&table_id=15","2019-11-05 05:44:52-06"
16,"Tenek They Xe´est","",24,"San Luis Potosí",3,"Aquismón",1,"Aquismón","Juárez 518","Centro","79060","","","",-99.02119,21.62309,"http://sic.gob.mx/ficha.php?table=casa_artesania&table_id=16","2019-11-05 06:08:21-06"
5,"Artesanías Don Juan","Juan Martínez García",24,"San Luis Potosí",3,"Aquismón",1,"Aquismón","Francisco Javier Mina 507","Centro","79760","","","",-99.01979,21.62157,"http://sic.gob.mx/ficha.php?table=casa_artesania&table_id=5","2019-11-05 05:12:07-06"
126,"Artesanías Pueblo Viejo","Juan Manuel del Monte Arellano",24,"San Luis Potosí",6,"Catorce",1,"Real de Catorce","Zaragoza s/n","Centro","58550","","","",-100.88811,23.69072,"http://sic.gob.mx/ficha.php?table=casa_artesania&table_id=126","2019-11-08 04:37:38-06"
19,"La Catorceña Artesanias","Particular",24,"San Luis Potosí",6,"Catorce",1,"Real de Catorce","Lanzagorta 27","Centro","78550","","","",-100.88596,23.68987,"http://sic.gob.mx/ficha.php?table=casa_artesania&table_id=19","2024-11-26 13:49:16-06"
122,"Artesanías El Tipi","Mercedes Martha Aquino Sánchez",24,"San Luis Potosí",6,"Catorce",1,"Real de Catorce","Zapata 1 B","Plaza Hidalgo","78550","","http://realdecatorce.info/el-tipi-arte-en-piel.html","",-100.88785,23.68989,"http://sic.gob.mx/ficha.php?table=casa_artesania&table_id=122","2023-12-07 08:14:46-06"
4,"Regalo de Dios","",24,"San Luis Potosí",6,"Catorce",1,"Real de Catorce","Hidalgo 20","Centro","78550","","","",-100.88699,23.69007,"http://sic.gob.mx/ficha.php?table=casa_artesania&table_id=4","2024-06-04 08:30:02-06"
3,"El Corazón del Desierto","",24,"San Luis Potosí",6,"Catorce",1,"Real de Catorce","Zaragoza 9","Centro","78550","","","",-100.88776,23.69017,"http://sic.gob.mx/ficha.php?table=casa_artesania&table_id=3","2019-11-06 04:33:36-06"
17,"Artesanías La Luna Platería","Humberto Fernández Tristán",24,"San Luis Potosí",6,"Catorce",1,"Real de Catorce","Zaragoza esq. con Lanzagorta s/n","Centro","78550","","http://www.hotelelreal.com","reservaciones@hotelelreal.com",-100.88789,23.69006,"http://sic.gob.mx/ficha.php?table=casa_artesania&table_id=17","2019-11-08 04:35:38-06"
18,"Bazar El Gitano","Privada",24,"San Luis Potosí",6,"Catorce",1,"Real de Catorce","Lanzagorta 17-B","Centro","78550","","","",-100.88632,23.69034,"http://sic.gob.mx/ficha.php?table=casa_artesania&table_id=18","2019-11-05 07:23:52-06"
1,"Catorce Artesanías Metzeri","Particular",24,"San Luis Potosí",6,"Catorce",1,"Real de Catorce","Lanzagorta 17","Centro","78550","","","anita_garcía@correo.unam.mx",-100.88681,23.68981,"http://sic.gob.mx/ficha.php?table=casa_artesania&table_id=1","2019-11-08 04:40:27-06"
78,"Taller de Platería","Privada",24,"San Luis Potosí",9,"Cerro de San Pedro",1,"Cerro de San Pedro","Benito Juárez","Centro","78440","","","",-100.80078,22.21563,"http://sic.gob.mx/ficha.php?table=casa_artesania&table_id=78","2019-11-06 06:16:55-06"
77,"Museo de Rocas, Minerales y Artesanías","Privada",24,"San Luis Potosí",9,"Cerro de San Pedro",1,"Cerro de San Pedro","Juárez 20","Centro","78440","","","",-100.80053,22.21705,"http://sic.gob.mx/ficha.php?table=casa_artesania&table_id=77","2019-11-06 06:05:38-06"
14,"Casa de Artesanía Caich A.C.","El Caich, A.C.",24,"San Luis Potosí",18,"Huehuetlán",2,"Chununtzén Uno","Carr. México-Laredo Km. 314","","79893","","","caichac@hotmail.com",-98.97956,21.4893,"http://sic.gob.mx/ficha.php?table=casa_artesania&table_id=14","2019-11-06 07:56:58-06"
194,"Tienda FONART SLP","Fondo Nacional para el Fomento de las Artesanías",24,"San Luis Potosí",28,"San Luis Potosí",1,"San Luis Potosí","Aldama 300","Centro Histórico","78000","","http:www.fonart.gob.mx","tda_slp@fonart.gob.mx",0,0,"http://sic.gob.mx/ficha.php?table=casa_artesania&table_id=194","2019-11-07 06:39:24-06"
124,"Artesanías del Carmen","Humberto Morones Calderón",24,"San Luis Potosí",28,"San Luis Potosí",1,"San Luis Potosí","Escobedo 305","Centro Histórico","78000","","https://es-la.facebook.com/people/Artesanias-Carmen-San-Luis/100010358953041","memomorones@hotmail.com",-100.97461,22.15111,"http://sic.gob.mx/ficha.php?table=casa_artesania&table_id=124","2019-11-07 05:20:08-06"
191,"Artesanías Equinoccio","Privada",24,"San Luis Potosí",28,"San Luis Potosí",1,"San Luis Potosí","Aldama 410","Zona Centro ","78000","","","",-100.97723,22.15014,"http://sic.gob.mx/ficha.php?table=casa_artesania&table_id=191","2019-11-06 08:56:18-06"
123,"Artesanías Las Sevillanas de San Luis Potosí","Sonia Rodríguez Castillo",24,"San Luis Potosí",28,"San Luis Potosí",1,"San Luis Potosí","Av. Nicolás Zapata 305","Col. Tequisquiapan","78232","","","sevillana_slp@hotmail.com",-100.98578,22.15411,"http://sic.gob.mx/ficha.php?table=casa_artesania&table_id=123","2019-11-06 08:56:59-06"
65,"Rebozos y Artesanías de Santa María del Río","Privada",24,"San Luis Potosí",28,"San Luis Potosí",1,"San Luis Potosí","Escobedo 305-4<br>Plaza del Carmen","Zona Centro","78000","","","",-100.97462,22.15103,"http://sic.gob.mx/ficha.php?table=casa_artesania&table_id=65","2019-11-07 07:07:46-06"
125,"Artesanías Rosa Mexicano","Humberto Morones Calderón",24,"San Luis Potosí",28,"San Luis Potosí",1,"San Luis Potosí","Escobedo 305 ","Zona Centro","78000","","","",-100.97454,22.15108,"http://sic.gob.mx/ficha.php?table=casa_artesania&table_id=125","2019-11-07 05:28:04-06"
81,"Casa del Artesano","Gobierno del Estado de San Luis Potosí/Secretaría de Desarrollo Económico",24,"San Luis Potosí",28,"San Luis Potosí",1,"San Luis Potosí","Jardín Colón 23 ","Centro","78000","","https://es-la.facebook.com/pages/La-Casa-del-Artesano-SLP/209711782467534","artesanluis@slp.gob.mx; info@elrebozo.gob.mx",-100.97509,22.14648,"http://sic.gob.mx/ficha.php?table=casa_artesania&table_id=81","2019-11-07 05:35:16-06"
142,"Escuela del Rebozo","Gobierno del Estado de San Luis Potosí/Secretaría de Desarrollo Económico",24,"San Luis Potosí",32,"Santa María del Río",1,"Santa María del Río","Pascual M. Hernández 85","Centro","79560","","https://www.facebook.com/pages/Escuela-del-Rebozo-Santa-Mar%C3%ADa-del-R%C3%ADo-SLP/477298152289080","artesanluis@slp.gob.mx",-100.7363,21.80081,"http://sic.gob.mx/ficha.php?table=casa_artesania&table_id=142","2022-10-26 05:47:45-05"
10,"Xilitla Shop","María de la Luz Vázquez Ramiro",24,"San Luis Potosí",54,"Xilitla",1,"Xilitla","Miguel Álvarez Acosta 119","Centro","79900","","https://www.facebook.com/pg/latienditadexilitla/about/?ref=page_internal","pameamano@yahoo.com.mx",-98.99152,21.3858,"http://sic.gob.mx/ficha.php?table=casa_artesania&table_id=10","2019-11-07 08:03:00-06"
102,"Casa de Artesanías El Nicho","Ana Lilia Valdez Zayas",26,"Sonora",3,"Alamos",1,"Álamos","Juárez 15","Centro","85760","","http://www.elnichoalamos.com","elnichoartesanias@hotmail.com",-108.93525,27.02179,"http://sic.gob.mx/ficha.php?table=casa_artesania&table_id=102","2021-08-02 08:17:54-05"
98,"Curiosidades y regalos Lydia","Lydia Palomares Esquer",26,"Sonora",3,"Alamos",1,"Álamos","Morelos 1","Centro","85760","","","",0,0,"http://sic.gob.mx/ficha.php?table=casa_artesania&table_id=98","2021-04-29 11:12:50-05"
103,"Mercado de Artesanías","Ayuntamiento de Alamos",26,"Sonora",3,"Alamos",1,"Álamos","Carr. salida a Navojoa s/n","","85760","","","antonioestrada.cantua@gmail.com",0,0,"http://sic.gob.mx/ficha.php?table=casa_artesania&table_id=103","2023-08-07 06:28:43-06"
138,"Cooperativa La Placita","Balvanera Núñez Castillo",26,"Sonora",3,"Alamos",2,"La Aduana","Domicilio conocido. La plaza","La aduana, Centro","85762","","","",0,0,"http://sic.gob.mx/ficha.php?table=casa_artesania&table_id=138","2021-07-07 10:38:03-05"
107,"La casa de cobre","Miguel Portillo Gardner",26,"Sonora",19,"Cananea",1,"Heroica Ciudad de Cananea","Blvd. Lazaro Gutierrez de Lara s/n","Col. Industrail","84620","","https://www.facebook.com/lacasadecobre/","mickyportillo@hotmail.com",-110.29264,30.98968,"http://sic.gob.mx/ficha.php?table=casa_artesania&table_id=107","2023-06-29 05:59:59-06"
281,"Mayom Ta Teckil","",26,"Sonora",26,"Etchojoa",65,"El Rodeo","","","","","https://es-la.facebook.com/mayomtateckilartesania/","",-109.64114,27.01588,"http://sic.gob.mx/ficha.php?table=casa_artesania&table_id=281","2023-02-16 07:37:56-06"
106,"Artesanías Lutisuc Asociación Cultural","Lutisuc Asociación Cultural  I.A.P., A.C.",26,"Sonora",30,"Hermosillo",1,"Hermosillo","Plaza Bicentenario, Ignacio Comonfort 50-E","Col. Centenario","83150","","https://lutisuc.org/","lutisuc@hotmail.com",-110.95792,29.07392,"http://sic.gob.mx/ficha.php?table=casa_artesania&table_id=106","2024-12-02 09:43:12-06"
188,"Tienda de artesanías MUSAS, Museo de Arte de Sonora","Gobierno del Estado de Sonora",26,"Sonora",30,"Hermosillo",1,"Hermosillo","Blvd. Vildósola s/n esq. Av Cultura","Col. Villa de Seris","83280","","","rmatiella@musas.gob.mx, musas@isc.gob.mx",-110.95428,29.06547,"http://sic.gob.mx/ficha.php?table=casa_artesania&table_id=188","2025-02-26 12:35:26-06"
104,"Lynda´s store","Leonel García",26,"Sonora",30,"Hermosillo",1,"Hermosillo","Av. Rosales, esq. Av. Aquiles Serdán","Centro","83000","","http://lyndastore.blogspot.com/","leonel_311@hotmail.com",-110.95693,29.07746,"http://sic.gob.mx/ficha.php?table=casa_artesania&table_id=104","2023-07-05 06:23:55-06"
110,"Portal del Arte","Privada",26,"Sonora",36,"Magdalena",1,"Magdalena de Kino","Local 4 de la Plaza Monumental","Centro","","","","",0,0,"http://sic.gob.mx/ficha.php?table=casa_artesania&table_id=110","2021-04-19 05:47:34-05"
109,"Artesanías Tusi Yari","ArtesaníasTusi Yari, S.C. de R.L. de C.V.",26,"Sonora",42,"Navojoa",79,"Masiaca","Carr. Internacional 15 km 113+522","Col. Poblado Masiaca","85200","","","tusi.yari@hotmail.com;  ventas@tusiyari.com.mx",0,0,"http://sic.gob.mx/ficha.php?table=casa_artesania&table_id=109","2023-02-09 05:06:46-06"
114,"México Lindo","Privada",26,"Sonora",43,"Nogales",1,"Heroica Nogales","Obregón","Centro","","","","",0,0,"http://sic.gob.mx/ficha.php?table=casa_artesania&table_id=114","2018-12-13 06:41:28-06"
94,"Mercedes Rústicos","Luis Ernesto Romero Muñoz",26,"Sonora",48,"Puerto Peñasco",1,"Puerto Peñasco","Alcantar 35","Col. Del Puerto","83550","","","",0,0,"http://sic.gob.mx/ficha.php?table=casa_artesania&table_id=94","2021-07-21 07:07:36-05"
185,"Instituto para el Fomento de las Artesanías de Tabasco","Gobierno del Estado de Tabasco",27,"Tabasco",4,"Centro",1,"Villahermosa","Prol. Paseo de la Sierra 820","Primero de Mayo","86190","","tabasco.gob.mx/ifat","karenpineda@tabasco.gob.mx",-92.93154,17.97116,"http://sic.gob.mx/ficha.php?table=casa_artesania&table_id=185","2024-08-07 10:05:08-06"
51,"Casa de las Artesanías de Tlaxcala","Gobierno del Estado de Tlaxcala",29,"Tlaxcala",33,"Tlaxcala",1,"Tlaxcala de Xicohténcatl","Av. Emilio Sánchez Piedras 1","Centro","90000","","http://artesanias.tlaxcala.gob.mx/index.php?option=com_content&view=article&id=1219&Itemid=29","artesanias_tlax@yahoo.com.mx",-98.24162,19.31948,"http://sic.gob.mx/ficha.php?table=casa_artesania&table_id=51","2024-09-12 12:57:44-06"
129,"Manos Veracruzanas Sucursal Boca del Río","DIF Estatal/Coordinación de Fomento a las Artesanías",30,"Veracruz de Ignacio de la Llave",28,"Boca del Río",37,"Veracruz","Bv. Adolfo Ruiz Cortines 3497","Ylang Ylang","94298","","http://www.difver.gob.mx/manos-veracruzanas/","lherreraz@veracruz.gob.mx",-96.10592,19.13762,"http://sic.gob.mx/ficha.php?table=casa_artesania&table_id=129","2020-02-11 05:55:12-06"
52,"Manos Veracruzanas Sucursal Xalapa","DIF Estatal/Coordinación de Fomento a las Artesanías",30,"Veracruz de Ignacio de la Llave",87,"Xalapa",1,"Xalapa-Enríquez","Venustiano Carranza 316","Felipe Carrillo Puerto","91080","","http://www.difver.gob.mx/manos-veracruzanas/","lherreraz@veracruz.gob.mx",-96.92109,19.51891,"http://sic.gob.mx/ficha.php?table=casa_artesania&table_id=52","2020-02-11 05:39:18-06"
297,"Tienda de Artesanías de Moyahua de Estrada","Ayuntamiento de Moyahua de Estrada/Instituto Municipal de Turismo y Cultura Tastuanes",32,"Zacatecas",33,"Moyahua de Estrada",1,"Moyahua de Estrada","Francisco I Madero 333","Centro","99980","","https://moyahua.gob.mx/instituto-cultura/","moyahuacultura@gmail.com; presidencia.moyahua16@gmail.com",-103.1657,21.26559,"http://sic.gob.mx/ficha.php?table=casa_artesania&table_id=297","2024-12-18 10:16:10-06"
280,"Sara's Chaquira","",32,"Zacatecas",49,"Valparaíso",1,"Valparaíso","José Vasconcelos 30 ","Col. Magisterial ","99254","","https://www.facebook.com/sarachaquiras/","sarabea9@gmail.com",-103.56461,22.77655,"http://sic.gob.mx/ficha.php?table=casa_artesania&table_id=280","2023-02-08 08:00:02-06"
8,"Tienda de la Mujer y Artesanía","DIF Estatal",32,"Zacatecas",56,"Zacatecas",1,"Zacatecas","Centro Comercial González Ortega, Tacuba T-4 local 4","Centro","98000","","","",-102.57266,22.77492,"http://sic.gob.mx/ficha.php?table=casa_artesania&table_id=8","2023-08-14 06:17:22-06"
217,"Casa de las Artesanías de Zacatecas","Secretaría de Economía/Subsecretaría de Desarrollo Artesanal",32,"Zacatecas",56,"Zacatecas",1,"Zacatecas","Av. Hidalgo No. 503","Centro Histórico","98000","","http://www.casadelasartesaniaszac.gob.mx/","casadelasartesaniasdezacatecas@gmail.com",-0.00137,0.00575,"http://sic.gob.mx/ficha.php?table=casa_artesania&table_id=217","2019-08-20 06:07:35-05"
132,"Tienda de la Mujer y Artesanía, Suc. Mesón de Jovito","DIF",32,"Zacatecas",56,"Zacatecas",1,"Zacatecas","Int. Hotel Mesón de Jovito, Jardín Juárez 143","Centro Histórico","98000","","","",-102.57527,22.77344,"http://sic.gob.mx/ficha.php?table=casa_artesania&table_id=132","2023-06-29 05:46:15-06"
134,"Tienda de la Mujer y Artesanía, Sucursal Cerro de la Bufa","DIF",32,"Zacatecas",56,"Zacatecas",1,"Zacatecas","Domicilio conocido, Explanada Cerro de la Bufa","","98000","","","",0,0,"http://sic.gob.mx/ficha.php?table=casa_artesania&table_id=134","2021-07-22 07:08:56-05"
