fototeca_id,fototeca_nombre,fototeca_adscripcion,estado_id,nom_ent,municipio_id,nom_mun,localidad_id,nom_loc,fototeca_calle_numero,fototeca_colonia,fototeca_cp,fototeca_telfono1,fototeca_pagina_web,email,gmaps_longitud,gmaps_latitud,link_sic,fecha_mod
98,"Fototeca Universitaria UAA","Universidad Autónoma de Aguascalientes",1,"Aguascalientes",1,"Aguascalientes",1,"Aguascalientes","Av. Universidad 940","Ciudad Universitaria","20131","","","aurora.figueroa@edu.uaa.mx",-102.31424,21.91303,"http://sic.gob.mx/ficha.php?table=fototeca&table_id=98","2018-08-07 02:23:58-05"
99,"Fototeca del Instituto de Investigaciones Culturales-Museo","Universidad Autónoma de Baja California",2,"Baja California",2,"Mexicali",1,"Mexicali","Calle L. y Av. Reforma","Col. Nueva","21100","","","",0,0,"http://sic.gob.mx/ficha.php?table=fototeca&table_id=99","2018-07-17 05:49:28-05"
133,"Archivo Histórico del Estado de Baja California","Gobierno del Estado",2,"Baja California",2,"Mexicali",1,"Mexicali","Av. Pedro F. Pérez y Ramírez 202","Centro","21100","","","cldiaz@baja.gob.mx",-115.48262,32.6632,"http://sic.gob.mx/ficha.php?table=fototeca&table_id=133","2018-09-03 09:36:01-05"
114,"Archivo Fotográfico de El Colegio de la Frontera Norte","El Colegio de la Frontera Norte, A.C.",2,"Baja California",4,"Tijuana",1,"Tijuana","Carr. Escénica Tijuana-Ensenada Km 18.5","Col. San Antonio del Mar","22560","","","foto@colef.mx",-117.11115,32.45679,"http://sic.gob.mx/ficha.php?table=fototeca&table_id=114","2018-08-28 02:46:33-05"
115,"Fototeca del Archivo Histórico del Estado de Baja California Sur Pablo L. Martínez","Instituto Sudcaliforniano de Cultura",3,"Baja California Sur",3,"La Paz",1,"La Paz","Navarro s/n, Unidad Cultural Profr. Jesús Castro","Centro","23060","","","eliza_amendia@hotmail.com",-110.31742,24.14786,"http://sic.gob.mx/ficha.php?table=fototeca&table_id=115","2018-07-24 04:52:32-05"
100,"Fototeca Francisco Cicero","Archivo General del Estado de Campeche",4,"Campeche",2,"Campeche",1,"San Francisco de Campeche","Calle 12 núm. 159 entre 57 y 59","Centro","24000","","","archivo.general@campeche.gob.mx",-90.55012,19.82474,"http://sic.gob.mx/ficha.php?table=fototeca&table_id=100","2023-10-11 06:24:21-06"
89,"Museo Biblioteca Pape, A.C.","",5,"Coahuila de Zaragoza",18,"Monclova",1,"Monclova","Blvd. Harold R. Pape 505 Sur","","25750","","","",-101.4307,26.91105,"http://sic.gob.mx/ficha.php?table=fototeca&table_id=89","2018-08-01 10:41:45-05"
88,"Fototeca del Archivo Municipal de Saltillo","Gobierno Municipal de Saltillo",5,"Coahuila de Zaragoza",30,"Saltillo",1,"Saltillo","Leona Vicario s/n esq. Juárez","Centro","25000","","","archivomunicipalslw@gmail.com",-100.98857,25.41539,"http://sic.gob.mx/ficha.php?table=fototeca&table_id=88","2025-04-22 10:30:04-06"
84,"Archivo Fotográfico Gertrude Duby Blom de la Asociación Cultural Na Bolom","",7,"Chiapas",78,"San Cristóbal de las Casas",1,"San Cristóbal de las Casas","Av. Vicente Guerrero 33","Barrio del Cerrillo","29220","","","nabolom@sclc.ecosur.mx",-92.62995,16.74168,"http://sic.gob.mx/ficha.php?table=fototeca&table_id=84","2018-06-11 14:17:42-05"
85,"Archivo Histórico de Chiapas-UNICACH","Universidad de Ciencias y Artes de Chiapas",7,"Chiapas",101,"Tuxtla Gutiérrez",1,"Tuxtla Gutiérrez","Boulevard Ángel Albino Corzo Km 1087","Centro","29000","","","archivohistorico@unicach.mx",-93.09963,16.75119,"http://sic.gob.mx/ficha.php?table=fototeca&table_id=85","2018-08-24 11:38:54-05"
87,"Fototeca Centro INAH Chihuahua","Secretaría de Cultura/INAH",8,"Chihuahua",19,"Chihuahua",1,"Chihuahua","Libertad 901","Centro","31000","","","jgc1958@gmail.com; jorge_melendez@inah.gob.mx",-106.07398,28.63958,"http://sic.gob.mx/ficha.php?table=fototeca&table_id=87","2024-03-22 12:06:05-06"
69,"Fototeca de la Coordinación Nacional de Conservación del Patrimonio Cultural del INAH","Secretaría de Cultura/INAH",9,"Ciudad de México",3,"Coyoacán",1,"Coyoacán","Xicoténcatl s/n, Ex-convento de churubusco","San Diego Churubusco","04120","","","ana_alvarez@inah.gob.mx",-99.1494,19.3554,"http://sic.gob.mx/ficha.php?table=fototeca&table_id=69","2024-10-25 13:38:04-06"
145,"Archivo Fotográfico Manuel Toussaint","UNAM",9,"Ciudad de México",3,"Coyoacán",1,"Coyoacán","Circuito Mario de la Cueva s/n","Cd. Universitaria","04510","","","iieweb@unam.mx",-99.16194,19.35021,"http://sic.gob.mx/ficha.php?table=fototeca&table_id=145","2018-07-19 05:25:49-05"
108,"Instituto de Investigaciones Estéticas de la UNAM","",9,"Ciudad de México",3,"Coyoacán",1,"Coyoacán","Insurgentes Sur s/n, Cd. Universitaria","Copilco","04510","","","rat@unam.mx",-99.18629,19.32394,"http://sic.gob.mx/ficha.php?table=fototeca&table_id=108","2024-06-21 12:28:45-06"
64,"Fototeca del Centro de Información y Documentación Alberto Beltrán","Secretaría de Cultura/Dirección General de Culturas Populares, Indígenas y Urbanas",9,"Ciudad de México",3,"Coyoacán",1,"Coyoacán","Av. Hidalgo 289","Col. Del Carmen","04100","","","cpcid@cultura.gob.mx",-99.16101,19.34985,"http://sic.gob.mx/ficha.php?table=fototeca&table_id=64","2023-10-09 06:37:37-06"
104,"Biblioteca de las Artes del Centro Nacional de las Artes","Secretaría de Cultura/CENART",9,"Ciudad de México",3,"Coyoacán",1,"Coyoacán","Av. Río Churubusco s/n esq. Calz. de Tlalpan","Col. Country Club","04220","","","fespbib@correo.cnart.mx",-99.14139,19.35654,"http://sic.gob.mx/ficha.php?table=fototeca&table_id=104","2018-08-16 07:49:41-05"
113,"Fototeca de la Filmoteca UNAM","UNAM/Dirección General de Actividades Cinematográficas",9,"Ciudad de México",3,"Coyoacán",1,"Coyoacán","Circuito Mario de la Cueva s/n","Ciudad Universitaria","04510","","","antonia@unam.mx",-99.17555,19.31956,"http://sic.gob.mx/ficha.php?table=fototeca&table_id=113","2018-08-17 06:36:26-05"
52,"Herbario Nacional de México, Instituto de Biología de la UNAM","UNAM",9,"Ciudad de México",3,"Coyoacán",1,"Coyoacán","Apdo. Postal 70-367","","04510","","","mexu@ib.unam.mx",-99.19372,19.31937,"http://sic.gob.mx/ficha.php?table=fototeca&table_id=52","2017-10-20 14:21:32-05"
77,"Iconoteca de la Biblioteca Nacional de México","Universidad Nacional Autónoma de México",9,"Ciudad de México",3,"Coyoacán",1,"Coyoacán","Centro Cultural Universitario<br>Ciudad Universitaria","","04510","","","fonres@unam.mx",-99.18503,19.31662,"http://sic.gob.mx/ficha.php?table=fototeca&table_id=77","2018-09-03 06:57:39-05"
107,"Diapositeca Digital de la Facultad de Arquitectura ","UNAM",9,"Ciudad de México",3,"Coyoacán",1,"Coyoacán","Av. Universidad 3000","Cd. Universitaria","04510","","","comsoc.fa@unam.mx",-99.18651,19.33123,"http://sic.gob.mx/ficha.php?table=fototeca&table_id=107","2018-08-06 04:45:25-05"
56,"Fototeca del IISUNAM","Instituto de Investigaciones Sociales, Universidad Nacional Autónoma de México",9,"Ciudad de México",3,"Coyoacán",1,"Coyoacán","Circuito Mario de la Cueva s/n, Zona Cultural, CU","Col. Coyoacán","04510","","","fototeca.iis@sociales.unam.mx",-99.17949,19.31506,"http://sic.gob.mx/ficha.php?table=fototeca&table_id=56","2018-08-14 06:38:18-05"
102,"Archivo Privado de Fotos y Gráfica Kati y José Horna","Privado",9,"Ciudad de México",8,"La Magdalena Contreras",1,"La Magdalena Contreras","Av. San Francisco 558, esq. Cda. Villa Elvira casa 32","Col. San Jerónimo Lidice","10200","","","norahhorna@yahoo.com",-99.23327,19.31414,"http://sic.gob.mx/ficha.php?table=fototeca&table_id=102","2018-07-19 05:57:39-05"
70,"Fototeca Nacho López de la Comisión ","Nacional para el Desarrollo de los Pueblos Indígenas (CDI)",9,"Ciudad de México",10,"Álvaro Obregón",1,"Álvaro Obregón","Av. Revolución 1279, piso 1","Col. Tlacopac","01010","","","silvia.gomez@cdi.gob.mx",-99.18963,19.36034,"http://sic.gob.mx/ficha.php?table=fototeca&table_id=70","2018-07-18 08:43:16-05"
45,"Área de Acervos Históricos de la Biblioteca Francisco Xavier Clavijero de la Universidad Iberoamericana"," Universidad Iberoamericana",9,"Ciudad de México",10,"Álvaro Obregón",1,"Álvaro Obregón","Prol. de Paseo de la Reforma 880","Lomas de Santa Fe","01210","","","luis.inclan@ibero.mx",-99.26444,19.37074,"http://sic.gob.mx/ficha.php?table=fototeca&table_id=45","2018-10-29 07:18:58-06"
141,"Fototeca del Instituto Nacional de Estudios Históricos de las Revoluciones de México","Secretaría de Cultura Federal",9,"Ciudad de México",10,"Álvaro Obregón",1,"Álvaro Obregón","Plaza del Carmen 27","Col. San Ángel","01000","","","rafael.hernandez@cultura.gob.mx; cecilia.pacheco@cultura.gob.mx ",-99.19108,19.34527,"http://sic.gob.mx/ficha.php?table=fototeca&table_id=141","2024-06-13 18:17:38-06"
5,"Museo Casa Estudio Diego Rivera y Frida Kahlo","Secretaría de Cultura/INBA",9,"Ciudad de México",10,"Álvaro Obregón",1,"Álvaro Obregón","Diego Rivera s/n esq. Altavista","San Ángel Inn","01060","","","medr.registroobra@inba.gob.mx",-99.19737,19.34961,"http://sic.gob.mx/ficha.php?table=fototeca&table_id=5","2018-07-23 09:54:27-05"
92,"Escuela Nacional de Artes Plásticas de la UNAM","Universidad Nacional Autónoma de México",9,"Ciudad de México",13,"Xochimilco",1,"Xochimilco","Av. Constitución 600","Barrio La Concha","16210","","","arcelia@correo.unam.mx",-99.11917,19.25204,"http://sic.gob.mx/ficha.php?table=fototeca&table_id=92","2017-10-20 13:36:05-05"
123,"Centro de Documentación de la Cineteca Nacional","Secretaría de Cultura",9,"Ciudad de México",14,"Benito Juárez",1,"Benito Juárez","Av. México Coyoacán 389","Col. Xoco","03330","","","",-99.16446,19.36087,"http://sic.gob.mx/ficha.php?table=fototeca&table_id=123","2018-07-17 04:53:58-05"
55,"Fototeca de Casa Museo Benita Galeana","Delegación Benito Juárez",9,"Ciudad de México",14,"Benito Juárez",1,"Benito Juárez","Cda. Zutano 11","Col. 2a. del Periodista","03620","","","",0,0,"http://sic.gob.mx/ficha.php?table=fototeca&table_id=55","2018-07-19 07:53:39-05"
61,"Ex Teresa Arte Actual","Secretaría de Cultura/INBA",9,"Ciudad de México",15,"Cuauhtémoc",1,"Cuauhtémoc","Lic. Verdad 8","Centro","06060","","","exteresa.difusion@inba.gob.mx",-99.13069,19.4345,"http://sic.gob.mx/ficha.php?table=fototeca&table_id=61","2021-11-10 08:38:34-06"
91,"Academia de San Carlos de la UNAM","Universidad Nacional Autónoma de México",9,"Ciudad de México",15,"Cuauhtémoc",1,"Cuauhtémoc","Academia 22","centro","06060","","","",-99.12884,19.43303,"http://sic.gob.mx/ficha.php?table=fototeca&table_id=91","2018-07-24 04:40:43-05"
109,"Museo del Templo Mayor del INAH","Secretaría de Cultura/INAH",9,"Ciudad de México",15,"Cuauhtémoc",1,"Cuauhtémoc","Seminario 8","Centro Histórico","06060","","","templomayor@attglobal.net",-99.13186,19.43455,"http://sic.gob.mx/ficha.php?table=fototeca&table_id=109","2017-10-10 13:53:50-05"
42,"Museo Postal","Servicio Postal Mexicano",9,"Ciudad de México",15,"Cuauhtémoc",1,"Cuauhtémoc","Tacuba 1, piso 2","Centro Histórico","06000","","","jacalderon@correosdemexico.gob.mx",-99.14039,19.43579,"http://sic.gob.mx/ficha.php?table=fototeca&table_id=42","2018-07-18 04:32:16-05"
112,"Fototeca Constantino Reyes-Valerio","Secretaría de Cultura/INAH/Coordinación Nacional de Difusión, Sistema Nacional de Fototecas",9,"Ciudad de México",15,"Cuauhtémoc",1,"Cuauhtémoc","Correo Mayor 11","Centro Histórico","06060","","","fototeca.cnmh@inah.gob.mx; julieta_garcia@inah.gob.mx",-99.13004,19.43389,"http://sic.gob.mx/ficha.php?table=fototeca&table_id=112","2024-03-19 11:24:58-06"
67,"Fototeca de la Coordinación Nacional de Literatura, Casa Leona Vicario","Secretaría de Cultura/INBAL/Coordinación Nacional de Literatura",9,"Ciudad de México",15,"Cuauhtémoc",1,"Cuauhtémoc","República del Brasil 37 ","Centro Histórico","06020","","","acervos@inba.gob.mx; fototeca@inba.gob.mx",-99.13119,19.43986,"http://sic.gob.mx/ficha.php?table=fototeca&table_id=67","2023-09-20 03:53:26-06"
130,"Fototeca de la Coordinación Nacional de Museos y Exposiciones del INAH","Secretaría de Cultura/INAH",9,"Ciudad de México",15,"Cuauhtémoc",1,"Cuauhtémoc","Hamburgo 135","Col. Juárez","06600","","","alejandra_ruano@inah.gob.mx",0.00027,-5.0E-5,"http://sic.gob.mx/ficha.php?table=fototeca&table_id=130","2018-07-25 05:10:04-05"
80,"Archivo Histórico del Distrito Federal","",9,"Ciudad de México",15,"Cuauhtémoc",1,"Cuauhtémoc","República de Chile 8","Centro Histórico","06010","","","ruiza@sni.conacyt.mx",-99.13626,19.43627,"http://sic.gob.mx/ficha.php?table=fototeca&table_id=80","2018-08-01 06:54:36-05"
73,"Archivo Histórico y Biblioteca Central del Agua ","Comisión Nacional del Agua/Subdirección General de Planeación",9,"Ciudad de México",15,"Cuauhtémoc",1,"Cuauhtémoc","Balderas 94 ","Centro","06040","","","olga.manuel@conagua.gob.mx; ciagua@conagua.gob.mx",-99.14783,19.43098,"http://sic.gob.mx/ficha.php?table=fototeca&table_id=73","2018-08-22 09:23:57-05"
72,"Archivo Histórico Citibanamex","Privado",9,"Ciudad de México",15,"Cuauhtémoc",1,"Cuauhtémoc","Isabel la Católica 44 esq. Venustiano Carranza 64","Centro Histórico","06000","","","carlos.fernando.coronatorres@citibanamex.com",-99.13651,19.43156,"http://sic.gob.mx/ficha.php?table=fototeca&table_id=72","2018-08-10 06:45:51-05"
40,"Fototeca del Museo Nacional de Arte del INBA","Secretaría de Cultura/INBA",9,"Ciudad de México",15,"Cuauhtémoc",1,"Cuauhtémoc","Tacuba 8","Centro Histórico","06010","","","abigail.molleda@munal.inba.gob.mx",-99.13944,19.43633,"http://sic.gob.mx/ficha.php?table=fototeca&table_id=40","2018-08-15 07:18:34-05"
146,"Fototeca de la Dirección de Salvamento Arqueológico ","Secretaría de Cultura/INAH",9,"Ciudad de México",15,"Cuauhtémoc",1,"Cuauhtémoc","Córdoba 45","Col. Roma Nte. ","06700","","","emmanuel_molina @inah.gob.mx",-99.15976,19.42315,"http://sic.gob.mx/ficha.php?table=fototeca&table_id=146","2024-09-30 08:50:06-06"
117,"Fideicomiso Archivos Plutarco Elías Calles y Fernando Torreblanca","Fideicomiso Archivos Plutarco Elías Calles y Fernando Torreblanca",9,"Ciudad de México",15,"Cuauhtémoc",1,"Cuauhtémoc","Guadalajara 104","Roma Norte","06700","","","fapec@fapecft.org.mx",-99.17166,19.41629,"http://sic.gob.mx/ficha.php?table=fototeca&table_id=117","2024-06-03 13:55:53-06"
74,"Fototeca del Archivo Histórico del Arzobispado de México","Arquidiócesis Primada de México, A.R.",9,"Ciudad de México",15,"Cuauhtémoc",1,"Cuauhtémoc","Durango 90, primer piso","Col. Roma","06700","","","info@arquidiocesismexico.org",-99.15919,19.42157,"http://sic.gob.mx/ficha.php?table=fototeca&table_id=74","2024-07-11 13:24:25-06"
116,"Fototeca Amalia González Caballero","Secretaría de Relaciones Exteriores",9,"Ciudad de México",15,"Cuauhtémoc",1,"Cuauhtémoc","Av. Ricardo Flores Magón 2","Col. Guerrero","06300","","","dgahistorico@sre.gob.mx",-99.1374,19.44916,"http://sic.gob.mx/ficha.php?table=fototeca&table_id=116","2024-05-06 14:11:59-06"
76,"Biblioteca Nacional de Antropología e Historia","Secretaría de Cultura/INAH",9,"Ciudad de México",16,"Miguel Hidalgo",1,"Miguel Hidalgo","Av. Paseo de la Reforma esq. Calz. Gandhi","Col. Polanco Chapultepec","11560","","","baltazar_brito@inah.gob.mx",-99.18608,19.4261,"http://sic.gob.mx/ficha.php?table=fototeca&table_id=76","2021-11-10 08:39:56-06"
111,"Fototeca del Museo Nacional de Historia ","Secretaría de Cultura/INAH",9,"Ciudad de México",16,"Miguel Hidalgo",1,"Miguel Hidalgo","Bosque de Chapultepec, 1ª sección","Col. Polanco V sección","11560","","","fototeca.mnh@inah.gob.mx",-99.18204,19.42036,"http://sic.gob.mx/ficha.php?table=fototeca&table_id=111","2024-05-03 12:05:35-06"
46,"Sala de Arte Público Siqueiros","Secretaría de Cultura/INBA",9,"Ciudad de México",16,"Miguel Hidalgo",1,"Miguel Hidalgo","Tres Picos 29","Col. Polanco","11560","","","saps.archivo@inba.gob.mx",-99.18737,19.42886,"http://sic.gob.mx/ficha.php?table=fototeca&table_id=46","2018-07-18 06:20:29-05"
106,"Fototeca Etnográfica del Museo Nacional de Antropología del INAH","Secretaría de Cultura/INAH/Museo Nacional de Antropología",9,"Ciudad de México",16,"Miguel Hidalgo",1,"Miguel Hidalgo","Av. Paseo de la Reforma s/n esq. Gandhi","Col. Chapultepec Polanco","11560","","","arturo_gomez@inah.gob.mx",-99.18188,19.42545,"http://sic.gob.mx/ficha.php?table=fototeca&table_id=106","2024-07-11 09:14:41-06"
60,"Museo de Arte Moderno del INBA","Secretaría de Cultura/INBA",9,"Ciudad de México",16,"Miguel Hidalgo",1,"Miguel Hidalgo","Paseo de la Reforma esq. Gandhi s/n","Col. Bosque de Chapultepec","11560","","","mam@correo.inba.gob.mx",-99.17948,19.42286,"http://sic.gob.mx/ficha.php?table=fototeca&table_id=60","2021-11-10 08:40:17-06"
68,"Dirección de Antropología Física del INAH","Secretaría de Cultura/INAH",9,"Ciudad de México",16,"Miguel Hidalgo",1,"Miguel Hidalgo","Av. Paseo de la Reforma esq. Calz. Gandhi s/n","Col. Polanco Chapultepec","11560","","","dafinahga@gmail.com; dirantropofisica@inah.gob.mx ",-99.18605,19.42594,"http://sic.gob.mx/ficha.php?table=fototeca&table_id=68","2024-02-19 07:48:56-06"
83,"Fototeca del Archivo General de la Nación","Secretaría de Gobernación",9,"Ciudad de México",17,"Venustiano Carranza",1,"Venustiano Carranza","Eduardo Molina 113","Col. Penitenciaría ","15350","","","argena@agn.gob.mx",-99.1129,19.43673,"http://sic.gob.mx/ficha.php?table=fototeca&table_id=83","2018-07-17 08:36:19-05"
135,"Fototeca del Museo Regional de Durango - UJED","Universidad Juárez del Estado de Durango",10,"Durango",5,"Durango",1,"Victoria de Durango","Victoria 100 Sur","Centro","34000","","","museoregional@hotmail.com",-104.66971,24.02675,"http://sic.gob.mx/ficha.php?table=fototeca&table_id=135","2018-07-17 04:40:52-05"
148,"Fototeca del Archivo Histórico del Estado de Durango","Dirección General del Archivo Histórico del Estado de Durango",10,"Durango",5,"Durango",1,"Victoria de Durango","Cerro de la Cruz 122","Fracc. Lomas del Guadiana","34110","","","miguel.vallebueno@durango.gob.mx",-104.67019,24.02399,"http://sic.gob.mx/ficha.php?table=fototeca&table_id=148","2018-08-14 08:46:12-05"
136,"Fototeca del Archivo Histórico del Municipio de Durango","Ayuntamiento de Durango",10,"Durango",5,"Durango",1,"Victoria de Durango","Prol. Pino Suárez 1806","Col. J. Guadalupe Rodríguez","34100","","","archivo.general@municiíodurango.gob.mx",-104.63887,24.02648,"http://sic.gob.mx/ficha.php?table=fototeca&table_id=136","2023-11-15 06:09:00-06"
48,"Fototeca Centro INAH Durango","Secretaría de Cultura/INAH",10,"Durango",5,"Durango",1,"Victoria de Durango","Av. 16 de Septiembre 130","Col. Silvestre Dorador","34070","","","cesar_rodriguez@inah.gob.mx; cesarrg93@gmail.com",-104.68209,24.03395,"http://sic.gob.mx/ficha.php?table=fototeca&table_id=48","2024-11-15 11:57:39-06"
31,"Fototeca Romualdo García","Secretaría de Cultura/INAH",11,"Guanajuato",15,"Guanajuato",1,"Guanajuato","Mendizábal 6 ","Centro","36000","","","alhondigaservicios@hotmail.com",-101.25755,21.01884,"http://sic.gob.mx/ficha.php?table=fototeca&table_id=31","2024-11-25 14:20:46-06"
93,"Archivo Histórico del Archivo General del Poder Ejecutivo de Guanajuato","Gobierno del Estado de Guanajuato",11,"Guanajuato",15,"Guanajuato",1,"Guanajuato","Alhóndiga e Insurgencia 1","Centro","36000","","","jegutierrezh@guanajuato.gob.mx",-101.2586,21.01969,"http://sic.gob.mx/ficha.php?table=fototeca&table_id=93","2018-08-22 08:56:14-05"
29,"Archivo Histórico Municipal de Irapuato","Municipio de Irapuato",11,"Guanajuato",17,"Irapuato",1,"Irapuato","Allende 170","Centro Histórico","36500","","","archivoirapuato@yahoo.com.mx",-101.34963,20.67536,"http://sic.gob.mx/ficha.php?table=fototeca&table_id=29","2018-08-14 05:58:32-05"
79,"Fototeca del Archivo Histórico Municipal de León","Ayuntamiento de León",11,"Guanajuato",20,"León",1,"León de los Aldama","Justo Sierra 216","Centro","37000","","","archivo.historico@leon.gob.mx",-101.68491,21.12116,"http://sic.gob.mx/ficha.php?table=fototeca&table_id=79","2024-11-06 13:59:42-06"
35,"Archivo Histórico y Museo de Minería","",13,"Hidalgo",48,"Pachuca de Soto",1,"Pachuca de Soto","Francisco Javier Mina 110","Centro","42000","","","",-98.73129,20.12548,"http://sic.gob.mx/ficha.php?table=fototeca&table_id=35","2018-07-16 06:41:45-05"
2,"Fototeca Nacional del INAH","Secretaría de Cultura/INAH",13,"Hidalgo",48,"Pachuca de Soto",1,"Pachuca de Soto","Casasola s/n, Ex convento de San Francisco","Exhacienda de Guadalupe","42000","","","fototecanacional@inah.gob.mx; sinafo@inah.gob.mx",-98.73162,20.12111,"http://sic.gob.mx/ficha.php?table=fototeca&table_id=2","2024-10-25 14:46:32-06"
147,"Fototeca Centenario de la Revolución Mexicana","Poder Judicial del Estado de Hidalgo/Archivo Histórico",13,"Hidalgo",48,"Pachuca de Soto",1,"Pachuca de Soto","Carr. México-Pachuca km. 84.5","Sector Primario","42080","","","archistpj@gmail.com",-98.73694,20.12236,"http://sic.gob.mx/ficha.php?table=fototeca&table_id=147","2018-08-07 07:20:05-05"
66,"Fototeca del Acervo Histórico del Archivo Municipal de Guadalajara","Ayuntamiento de Guadalajara, Jalisco",14,"Jalisco",39,"Guadalajara",1,"Guadalajara","Esmeralda 2486 ","Fracc. Verde Valle","44560","","","mramos@guadalajara.gob.mx; mistert63@outlook.com",0,0,"http://sic.gob.mx/ficha.php?table=fototeca&table_id=66","2018-07-23 08:04:35-05"
36,"Fototeca de la Biblioteca Pública del Estado de Jalisco Juan José Arreola","Universidad de Guadalajara",14,"Jalisco",120,"Zapopan",1,"Zapopan","Perif.  Norte Manuel Gómez Morín núm. 1695","Col. Belenes","45100","","","ariadnag@redudg.udg.mx ",0,0,"http://sic.gob.mx/ficha.php?table=fototeca&table_id=36","2018-08-24 06:03:28-05"
62,"Fototeca del Centro de Documentación e Investigación de la Comunidad Judío de México","Centro de Documentación e Investigación Judíos de México, A.C.",15,"México",57,"Naucalpan de Juárez",1,"Naucalpan de Juárez","Fuente de San Sulpicio 16","Col. Lomas de Tecamachalco","53950","","","contacto@cdijum.mx",-99.23821,19.42323,"http://sic.gob.mx/ficha.php?table=fototeca&table_id=62","2018-07-18 07:34:04-05"
129,"Fototeca del Centro de Estudios Teotihuacanos","Secretaría de Cultura/INAH/Zona Arqueológica de Teotihuacán",15,"México",75,"San Martín de las Pirámides",31,"Cozotlán Norte","Edif. Centro de Estudios Teotihuacanos, Ex Museo Manuel Gamio, atrás de la Pirámide del Sol, Circuito Empedrado Puerta 5, Carretera México-Tulancingo Km 22 + 600","Zona arqueológica de Teotihuacán","55800","","","elisaasr@yahoo.com.mx",-98.86082,19.71209,"http://sic.gob.mx/ficha.php?table=fototeca&table_id=129","2018-07-24 06:38:52-05"
50,"Fototeca del Museo Nacional del Virreinato","Secretaría de Cultura/INAH",15,"México",95,"Tepotzotlán",1,"Tepotzotlán","Plaza Hidalgo 99","Col. San Martín","54600","","","virreinato.museo@inah.gob.mx; jramonsolis@hotmail.com",-99.22166,19.71318,"http://sic.gob.mx/ficha.php?table=fototeca&table_id=50","2025-04-23 14:50:06-06"
143,"Fototeca del Centro INAH Estado de México (CINAHEM)","Secretaría de Cultura/INAH",15,"México",106,"Toluca",1,"Toluca de Lerdo","Av. José Vicente Villada 107","Centro","50000","","","Araceli_tellechea@inah.gob.mx",-99.65831,19.28977,"http://sic.gob.mx/ficha.php?table=fototeca&table_id=143","2024-07-12 09:59:48-06"
101,"Fototeca del Estado de Michoacán","Archivo General e Histórico del Poder Ejecutivo de Michoacán (AGHPEM)/Dirección de Archivos del Poder Ejecutivo de Michoacán",16,"Michoacán de Ocampo",53,"Morelia",1,"Morelia","Calle Corregidora 666","Colonia Centro","58000","","","dape@michoacán.gob.mx; centli6@hotmail.com",-101.19729,19.70119,"http://sic.gob.mx/ficha.php?table=fototeca&table_id=101","2018-09-13 13:27:50-05"
38,"Fototeca de El Colegio de Michoacán","El Colegio de Michoacán, A.C.",16,"Michoacán de Ocampo",108,"Zamora",1,"Zamora de Hidalgo","Martínez de Navarrete 505","Fracc. Las Fuentes","59690","","","jramirez@colmich.edu.mx",-102.27988,19.97804,"http://sic.gob.mx/ficha.php?table=fototeca&table_id=38","2018-07-18 05:40:35-05"
149,"Fototeca de Abel Quezada ","Abel Quezada, A.C.",17,"Morelos",7,"Cuernavaca",1,"Cuernavaca","Segunda Privada  de Palmira Casa 1","Col. Palmira","62490","","","abelquezadaac@gmail.com ",-99.23472,18.92178,"http://sic.gob.mx/ficha.php?table=fototeca&table_id=149","2018-08-16 05:13:00-05"
18,"Fototeca Juan Dubernard del Centro INAH Morelos","Secretaría de Cultura/INAH",17,"Morelos",7,"Cuernavaca",1,"Cuernavaca","Matamoros 14","Col. Acapantzingo","62440","","","fototeca.mor@inah.gob.mx",-99.22366,18.90893,"http://sic.gob.mx/ficha.php?table=fototeca&table_id=18","2024-02-23 07:25:01-06"
125,"Fototeca del Centro INAH Nayarit","Secretaría de Cultura/INAH",18,"Nayarit",17,"Tepic",1,"Tepic","Av. México 91 esq. Zapata","Centro","63000","","","direccion.nay@inah.gob.mx",-104.89242,21.51004,"http://sic.gob.mx/ficha.php?table=fototeca&table_id=125","2024-06-04 12:01:38-06"
118,"Fototeca de Nuevo León","Consejo para la Cultura y las Artes de Nuevo León",19,"Nuevo León",39,"Monterrey",1,"Monterrey","Int. Parque Fundidora, Av. Fundidora s/n esq. Adolfo Prieto","Col. Obrera","64010","","","lpacheco@conarte.org.mx",-100.28437,25.67764,"http://sic.gob.mx/ficha.php?table=fototeca&table_id=118","2018-07-25 08:03:31-05"
20,"Fototeca del Tecnológico de Monterrey","Tecnológico de Monterrey",19,"Nuevo León",39,"Monterrey",1,"Monterrey","Jesús Cantú Leal 1524, Campus Norte edif. D-191","Cerro de la Silla","64849","","","mbeltranbravo@tec.mx, fototeca.mty@servicios.itesm.mx",-99.22918,19.59338,"http://sic.gob.mx/ficha.php?table=fototeca&table_id=20","2024-02-21 06:35:27-06"
22,"Centro Fotográfico Manuel Álvarez Bravo","Amigos del IAGO y del CFAB, A.C.",20,"Oaxaca",67,"Oaxaca de Juárez",1,"Oaxaca de Juárez","M. Bravo 116 esq. García Vigil","Centro Hístorico","68000","","","difusion.cfab@gmail.com",-96.72475,17.06498,"http://sic.gob.mx/ficha.php?table=fototeca&table_id=22","2022-02-01 07:58:29-06"
21,"Fototeca del Archivo General del Estado de Oaxaca (AGEO)","Gobierno del Estado",20,"Oaxaca",67,"Oaxaca de Juárez",1,"Oaxaca de Juárez","Calle Los pinos, esquina Av. Canteras s/n","Santa María Ixcotel","71228","","","jacobo.babines@oaxaca.gob.mx",-96.74746,17.07212,"http://sic.gob.mx/ficha.php?table=fototeca&table_id=21","2019-06-25 09:12:54-05"
138,"Fototeca Juan Crisóstomo Méndez","Organismo Público Descentralizado Museos Puebla",21,"Puebla",114,"Puebla",1,"Heroica Puebla de Zaragoza","Parque Paseo de Gigantes, Francisco Villa 4","Col. Las Fuentes","72110","","","complejo.laconstancia@puebla.gob.mx",-98.23187,19.09193,"http://sic.gob.mx/ficha.php?table=fototeca&table_id=138","2024-08-08 11:10:44-06"
119,"Fototeca BUAP","Benemérita Universidad Autónoma de Puebla",21,"Puebla",114,"Puebla",1,"Heroica Puebla de Zaragoza","3 Oriente 212 ","Centro Histórico","72000","","","didcav@siu.buap.mx",-98.19675,19.04257,"http://sic.gob.mx/ficha.php?table=fototeca&table_id=119","2019-04-23 11:08:58-05"
26,"Fototeca Lorenzo Becerril, A.C.","Privado",21,"Puebla",114,"Puebla",1,"Heroica Puebla de Zaragoza","Av. 35 Pte. 101-104","Huexotitla","72534","","","liliapue@hotmail.com",-98.20662,19.03128,"http://sic.gob.mx/ficha.php?table=fototeca&table_id=26","2019-04-23 11:11:46-05"
24,"Fotografías y Negativos del Gobierno del Dr. Alfredo Toxqui","Gobierno del Estado de Puebla",21,"Puebla",114,"Puebla",1,"Heroica Puebla de Zaragoza","Av. Reforma 1305 Altos","Centro Histórico","72000","","","antonio.blanco.agep@gmail.com",-98.20051,19.04536,"http://sic.gob.mx/ficha.php?table=fototeca&table_id=24","2019-04-23 11:01:04-05"
25,"Fototeca Antica, A.C.","Privado",21,"Puebla",114,"Puebla",1,"Heroica Puebla de Zaragoza","Camino de San Francisco 2-B","San José del Puente","72150","","","info@fototeca.Antica.net",-98.24512,19.06661,"http://sic.gob.mx/ficha.php?table=fototeca&table_id=25","2019-04-23 11:01:36-05"
27,"Fototeca del Centro de Documentación e Investigación Ferroviarias (CEDIF)","Secretaría de Cultura/Centro Nacional para la Preservación del Patrimonio Cultural Ferrocarrilero",21,"Puebla",114,"Puebla",1,"Heroica Puebla de Zaragoza","11 Nte. 1005","Centro Histórico","72000","","","museoferrocarriles@cultura.gob.mx",19.05518,19.05518,"http://sic.gob.mx/ficha.php?table=fototeca&table_id=27","2023-09-20 07:23:46-06"
126,"Archivo Fotográfico del Museo Regional de Querétaro","Secretaría de Cultura/INAH",22,"Querétaro",14,"Querétaro",1,"Santiago de Querétaro","Corregidora 3 Sur","Centro Histórico","76000","","","arturo6008@hotmail.com",-100.39107,20.59263,"http://sic.gob.mx/ficha.php?table=fototeca&table_id=126","2024-11-15 11:51:38-06"
28,"Archivo Histórico del Estado de Querétaro","Gobierno del Estado de Querétaro",22,"Querétaro",14,"Querétaro",1,"Santiago de Querétaro","Francisco I. Madero 70 pte.","Centro Histórico","76000","",""," atencionciudadana@queretaro.gob.mx",-100.39622,20.5914,"http://sic.gob.mx/ficha.php?table=fototeca&table_id=28","2024-02-27 07:45:17-06"
7,"Fondo Fotográfico de Quintana Roo","Archivo General del Estado de Quintana Roo",23,"Quintana Roo",4,"Othón P. Blanco",1,"Chetumal","Manuel M. Diéguez y Calz. Veracruz","Col. López Mateos","77000","","","archivo@qroo.gob.mx",0,0,"http://sic.gob.mx/ficha.php?table=fototeca&table_id=7","2018-07-16 04:53:08-05"
150,"Imágenes Históricas de San Luis Potosí, A. C.","",24,"San Luis Potosí",28,"San Luis Potosí",1,"San Luis Potosí","20 de Noviembre 125","Centro Histórico","78040","","","",-100.97181,22.15279,"http://sic.gob.mx/ficha.php?table=fototeca&table_id=150","2021-11-29 07:16:02-06"
131,"Fototeca del Museo Regional Potosino","Secretaría de Cultura/INAH",24,"San Luis Potosí",28,"San Luis Potosí",1,"San Luis Potosí","Hermenegildo Galeana 450","Centro Histórico","78000","","","museoregionalpotosino.direccion@yahoo.com.mx",-100.97849,22.14875,"http://sic.gob.mx/ficha.php?table=fototeca&table_id=131","2019-04-08 06:20:52-05"
9,"Archivo Histórico del Estado de San Luis Potosí Lic. Antonio Rocha","Gobierno del Estado de San Luis Potosí",24,"San Luis Potosí",28,"San Luis Potosí",1,"San Luis Potosí","Mariano Arista 400","Centro Histórico","78000","","","difusion@archivohistoricoslp.gob.mx",-100.98003,22.15286,"http://sic.gob.mx/ficha.php?table=fototeca&table_id=9","2019-08-14 04:18:40-05"
13,"Fototeca de la Dirección General de Boletín Oficial y Archivo del Estado","Gobierno del Estado",26,"Sonora",30,"Hermosillo",1,"Hermosillo","Garmendia 157 Sur","Centro","83000","","","boletinoficial@sonora.gob.mx",-110.95423,29.07771,"http://sic.gob.mx/ficha.php?table=fototeca&table_id=13","2018-09-06 06:22:35-05"
128,"Fototeca del Centro INAH Tabasco","Secretaría de Cultura/INAH",27,"Tabasco",4,"Centro",1,"Villahermosa","Plutarco Elías Calles 401 esq. Obrero Mundial","Col. Jesús García","86040","","","gaviota75@hotmail.com",-92.93342,17.99453,"http://sic.gob.mx/ficha.php?table=fototeca&table_id=128","2024-11-06 13:25:53-06"
95,"Fototeca del Archivo Histórico Municipal Juan E. Richer","Ayuntamiento de Nuevo Laredo",28,"Tamaulipas",27,"Nuevo Laredo",1,"Nuevo Laredo","Av. César López de Lara 1106","Centro","88000","","","agmnuevolaredo@gmail.com",-99.51718,27.48949,"http://sic.gob.mx/ficha.php?table=fototeca&table_id=95","2024-03-01 06:27:48-06"
15,"Archivo Histórico de Tampico Carlos González Salas","Ayuntamiento de Tampico",28,"Tamaulipas",38,"Tampico",1,"Tampico","Lauro Aguirre 105","Col. Melchor Ocampo","89260","","","archivo.histórico@tampico.gob.mx",0,0,"http://sic.gob.mx/ficha.php?table=fototeca&table_id=15","2018-07-13 05:50:43-05"
139,"Fototeca del Archivo General e Histórico del Estado de Tamaulipas","Gobierno del Estado de Tamaulipas",28,"Tamaulipas",41,"Victoria",1,"Ciudad Victoria","Prol. Blvd. Praxedis Balboa. Libramiento Naciones Unidas","Parque Bicentenario","87083","","","archivo.general@tamaulipas.gob.mx",-99.1253,23.73065,"http://sic.gob.mx/ficha.php?table=fototeca&table_id=139","2025-03-11 18:46:22-06"
16,"Archivo General del Estado de Veracruz","Gobierno del Estado de Veracruz",30,"Veracruz de Ignacio de la Llave",87,"Xalapa",1,"Xalapa-Enríquez","Hermenegildo Galeana s/n esq. Venustiano Carranza","Col. Francisco I. Madero","91070","","","agev@veracruz.gob.mx",-96.93222,19.52428,"http://sic.gob.mx/ficha.php?table=fototeca&table_id=16","2018-07-19 05:35:26-05"
120,"Fototeca del Centro INAH Veracruz","Conaculta/INAH",30,"Veracruz de Ignacio de la Llave",193,"Veracruz",1,"Veracruz","Benito Juárez 425-431","Centro Histórico","917000","","","raquel_martinez@inah.gob.mx",-96.14184,19.19965,"http://sic.gob.mx/ficha.php?table=fototeca&table_id=120","2024-02-28 07:01:48-06"
17,"Fototeca de Veracruz Juan Malpica Mimendi","Instituto Veracruzano de la Cultura/Subdirección de Artes y Patrimonio",30,"Veracruz de Ignacio de la Llave",193,"Veracruz",1,"Veracruz","Callejón El Portal de Miranda 9","Centro Histórico","91700","","","fototecadeveracruz2014@outlook.com",-96.13787,19.2002,"http://sic.gob.mx/ficha.php?table=fototeca&table_id=17","2018-07-23 10:37:15-05"
137,"Fondo Audiovisual","Centro de Apoyo a la Investigación Histórica de Yucatán",31,"Yucatán",50,"Mérida",1,"Mérida","Calle 64 núm. 518","Centro","97000","","","patrimonio.icy@yucatan.gob.mx ",-89.62632,20.96506,"http://sic.gob.mx/ficha.php?table=fototeca&table_id=137","2018-05-11 12:37:02-05"
3,"Fototeca Pedro Guerra","Universidad Autónoma de Yucatán",31,"Yucatán",50,"Mérida",1,"Mérida","Calle 76 núm. 455 -LL entre 41 y 43","Centro","97000","","","cinthya.cruz@correo.uady.mx ",-89.63129,20.98021,"http://sic.gob.mx/ficha.php?table=fototeca&table_id=3","2018-05-11 12:06:22-05"
4,"Fototeca del Centro INAH Yucatán","Secretaría de Cultura/INAH",31,"Yucatán",50,"Mérida",1,"Mérida","Antigua Carr. a Progreso km 6.5","Gonzalo Guerrero","97310","","","inahyuc@prodigy.net.mx",-89.62549,21.02606,"http://sic.gob.mx/ficha.php?table=fototeca&table_id=4","2018-05-11 13:08:42-05"
134,"Fototeca del Estado de Zacatecas Pedro Valtierra","Instituto Zacatecano de Cultura Ramón López Velarde",32,"Zacatecas",56,"Zacatecas",1,"Zacatecas","Fernando Villalpando 406","Centro Histórico","98000","","","fototecadezacatecas@gmail.com",-102.57439,22.77496,"http://sic.gob.mx/ficha.php?table=fototeca&table_id=134","2019-06-04 07:20:55-05"
