zona_arqueologica_id,zona_arqueologica_nombre,estado_id,nom_ent,municipio_id,nom_mun,localidad_id,nom_loc,zona_arqueologica_calle_numero,zona_arqueologica_colonia,zona_arqueologica_cp,zona_arqueologica_telefono1,pagina_web,email,gmaps_longitud,gmaps_latitud,link_sic,fecha_mod
1,"El Vallecito",2,"Baja California",3,"Tecate",0,"Total del Municipio","Camino a Vallecitos Km. 1 + 200","","","686 552 35 91","https://www.inah.gob.mx/zonas/zona-arqueologica-el-vallecito","direccion.bc@inah.gob.mx",-116.09758,32.53908,"http://sic.gob.mx/ficha.php?table=zona_arqueologica&table_id=1","2025-04-28 11:53:34-06"
159,"Sierra de San Francisco",3,"Baja California Sur",2,"Mulegé",0,"Total del Municipio","Camino a San Francisco de la Sierra Km 36","","","612 122 73 89","https://www.inah.gob.mx/zonas/zona-arqueologica-de-la-sierra-de-san-francisco","sierrasanfrancisco@hotmail.com",-113.01637,27.60137,"http://sic.gob.mx/ficha.php?table=zona_arqueologica&table_id=159","2025-04-28 12:06:59-06"
9,"Edzná",4,"Campeche",2,"Campeche",0,"Total del Municipio","Carr. Federal Campeche-Edzná, km 55 (localizado en el entronque con el Km 45 de la Carr. Núm. 188)","","","981 816 91 11, 981 816 81 79 ext. 138017","https://www.inah.gob.mx/zonas/zona-arqueologica-edzna","candelaria_duarte@inah.gob.mx; direccion.camp@inah.gob.mx",-90.23051,19.5974,"http://sic.gob.mx/ficha.php?table=zona_arqueologica&table_id=9","2025-04-28 17:40:02-06"
13,"Xcalumkín",4,"Campeche",5,"Hecelchakán",0,"Total del Municipio","Ramal de camino a Xcalumkin Km 1 + 000","","","981 816 91 11, 981 816 81 79 ext. 138017","https://www.inah.gob.mx/zonas/zona-arqueologica-de-xcalumkin","candelaria_duarte@inah.gob.mx; direccion.camp@inah.gob.mx",-90.01031,20.17037,"http://sic.gob.mx/ficha.php?table=zona_arqueologica&table_id=13","2025-04-28 17:33:49-06"
147,"Toh Cok",4,"Campeche",6,"Hopelchén",0,"Total del Municipio","Carr. Federal 261","","","981 816 81 79","https://www.inah.gob.mx/zonas/zona-arqueologica-de-tohcok","zarqueologicas.camp@inah.gob.mx",-89.87514,19.77019,"http://sic.gob.mx/ficha.php?table=zona_arqueologica&table_id=147","2025-04-28 14:13:29-06"
148,"Tabasqueño",4,"Campeche",6,"Hopelchén",0,"Total del Municipio","Camino a la Zona Arqueológica El Tabasqueño km. 2","","","981 816 91 11, 981 816 81 79 ext. 138017","https://www.inah.gob.mx/zonas/zona-arqueologica-de-tabasqueno","candelaria_duarte@inah.gob.mx; direccion.camp@inah.gob.mx",-89.78386,19.50051,"http://sic.gob.mx/ficha.php?table=zona_arqueologica&table_id=148","2025-04-28 17:58:54-06"
7,"Chunhuhub",4,"Campeche",6,"Hopelchén",0,"Total del Municipio","Entronque hacia Xculoc de la Carr. Federal Mérida-Chenes núm. 261.","","","981 816 9111, 981 816 8179 exts.138016, 138017.","https://www.inah.gob.mx/zonas/zona-arqueologica-de-chunhuhub","abenavidez.camp@inah.gob.mx",-89.7963,20.15765,"http://sic.gob.mx/ficha.php?table=zona_arqueologica&table_id=7","2025-04-29 12:27:08-06"
10,"Santa Rosa Xtampak",4,"Campeche",6,"Hopelchén",0,"Total del Municipio","Camino a Santa Rosa Xtampak km. 32","","","981 816 81 79","https://www.inah.gob.mx/zonas/zona-arqueologica-de-santa-rosa-xtampak","direccion.camp@inah.gob.mx",-89.59744,19.77249,"http://sic.gob.mx/ficha.php?table=zona_arqueologica&table_id=10","2025-04-28 17:54:28-06"
11,"Hochob",4,"Campeche",6,"Hopelchén",0,"Total del Municipio","Camino a Hochob Km 3 + 600 ","","","981 816 91 11","https://www.inah.gob.mx/zonas/zona-arqueologica-hochob","direccion.camp@inah.gob.mx",-89.77053,19.40883,"http://sic.gob.mx/ficha.php?table=zona_arqueologica&table_id=11","2025-04-28 13:56:27-06"
8,"Dzibilnocac",4,"Campeche",6,"Hopelchén",0,"Total del Municipio","Calle 9 (Benito Juárez) s/n","","","981 816 81 79","https://www.inah.gob.mx/zonas/zona-arqueologica-dzibilnocac","direccion.camp@inah.gob.mx",-89.59496,19.57815,"http://sic.gob.mx/ficha.php?table=zona_arqueologica&table_id=8","2025-04-29 12:34:47-06"
146,"Kankí",4,"Campeche",8,"Tenabo",0,"Total del Municipio","Entronque Tenabo-Kankí, km 38 de la Carr. Campeche-Mérida 180","","","981 816 81 79","https://www.inah.gob.mx/zonas/zona-arqueologica-de-kanki","direccion.camp@inah.gob.mx",-90.11824,19.98814,"http://sic.gob.mx/ficha.php?table=zona_arqueologica&table_id=146","2025-04-28 18:03:13-06"
3,"Balamkú",4,"Campeche",10,"Calakmul",0,"Total del Municipio","Entronque con el km 93 de la Carr. Federal Escárcega-Chetumal 186","","","981 816 91 11","https://www.inah.gob.mx/zonas/zona-arqueologica-de-balamku","direccion.camp@inah.gob.mx",-89.94525,18.55963,"http://sic.gob.mx/ficha.php?table=zona_arqueologica&table_id=3","2025-04-28 18:05:33-06"
5,"Calakmul",4,"Campeche",10,"Calakmul",0,"Total del Municipio","Camino a la reserva de la biósfera de Calakmul km 60","","","981 816 81 79","https://www.inah.gob.mx/zonas/zona-arqueologica-de-calakmul","direccion.camp@inah.gob.mx",-89.81106,18.1051,"http://sic.gob.mx/ficha.php?table=zona_arqueologica&table_id=5","2025-04-28 18:28:15-06"
14,"Xpuhil",4,"Campeche",10,"Calakmul",0,"Total del Municipio","Carr. Federal 186 Escárcega -Chetumal  km 156","Col. Aviación","24640","981 816 81 79","https://www.inah.gob.mx/zonas/71-zona-arqueologica-xpuhil","zarqueologicas.camp@inah.gob.mx",-89.4039,18.51024,"http://sic.gob.mx/ficha.php?table=zona_arqueologica&table_id=14","2025-04-29 12:20:01-06"
6,"Chicanná",4,"Campeche",10,"Calakmul",0,"Total del Municipio","Entronque con el km 140 de la Carr. Federal 186","","","981 816 81 79","https://www.inah.gob.mx/zonas/zona-arqueologica-chicanna","direccion.camp@inah.gob.mx",-89.48623,18.50698,"http://sic.gob.mx/ficha.php?table=zona_arqueologica&table_id=6","2025-04-28 18:07:22-06"
145,"Nadzca'an",4,"Campeche",10,"Calakmul",0,"Total del Municipio","Carr. Escárcega-Chetumal, km 95","","","981 816 91 36","http://www.inah.gob.mx/es/zonas/189-zona-arqueologica-nadzca-an","direccion.camp@inah.gob.mx",-89.85013,18.6066,"http://sic.gob.mx/ficha.php?table=zona_arqueologica&table_id=145","2025-04-28 18:45:21-06"
12,"Hormiguero ",4,"Campeche",10,"Calakmul",0,"Total del Municipio","Eugenio Echeverría Castellot  2 ","","","981 816 81 79","https://www.inah.gob.mx/zonas/zona-arqueologica-hormiguero","direccion.camp@inah.gob.mx",-89.49282,18.40992,"http://sic.gob.mx/ficha.php?table=zona_arqueologica&table_id=12","2025-04-28 18:26:56-06"
4,"Becán",4,"Campeche",10,"Calakmul",0,"Total del Municipio","Camino a Becán km 0 + 450","","","981 816 91 11","https://www.inah.gob.mx/zonas/zona-arqueologica-de-becan","direccion.camp@inah.gob.mx",-89.46697,18.51721,"http://sic.gob.mx/ficha.php?table=zona_arqueologica&table_id=4","2025-04-29 12:23:59-06"
144,"El Tigre (itzamkanac)",4,"Campeche",11,"Candelaria",0,"Total del Municipio","Carr. Federal 261, km 76","","","981 816 91 36 ext. 138016","https://www.inah.gob.mx/zonas/zona-arqueologica-el-tigre","direccion.camp@inah.gob.mx",-90.83695,18.12157,"http://sic.gob.mx/ficha.php?table=zona_arqueologica&table_id=144","2025-04-29 12:30:29-06"
220,"Zona paleontológica Rincón Colorado",5,"Coahuila de Zaragoza",11,"General Cepeda",0,"Total del Municipio","Carr. Saltillo-Torreón, km 43.5","","25970","844 410 19 18","https://inah.gob.mx/zonas/zona-paleontologica-rincon-colorado","zp.rincon.colorado@gmail.com",-101.34741,25.50676,"http://sic.gob.mx/ficha.php?table=zona_arqueologica&table_id=220","2025-04-29 17:35:50-06"
25,"El Chanal",6,"Colima",2,"Colima",0,"Total del Municipio","Calle Bonampak Acceso desde la Av. Tercer Anillo Periférico y su entronque con la Av. Venustiano Carranza","","","312 313 49 45","https://www.inah.gob.mx/zonas/zona-arqueologica-el-chanal","direccion.col@inah.gob.mx",-103.70543,19.29295,"http://sic.gob.mx/ficha.php?table=zona_arqueologica&table_id=25","2025-04-29 17:38:38-06"
24,"La Campana",6,"Colima",10,"Villa de Álvarez",0,"Total del Municipio","Av. Periférico Nte. entre el Tecnológico de Colima y el Arroyo Pereira, al noroeste de la ciudad de Colima","","28037","312 313 49 46","https://www.inah.gob.mx/zonas/zona-arqueologica-cerro-de-la-campana","direccion.col@inah.gob.mx",-103.72539,19.2683,"http://sic.gob.mx/ficha.php?table=zona_arqueologica&table_id=24","2025-04-29 18:08:51-06"
19,"Tenam Puente",7,"Chiapas",19,"Comitán de Domínguez",0,"Total del Municipio","Camino a a Baños de Santa Rita Uninajab, Km. 4 + 950 (aprox.)","","","","https://www.inah.gob.mx/zonas/zona-arqueologica-de-tenam-puente","",-92.10831,16.14127,"http://sic.gob.mx/ficha.php?table=zona_arqueologica&table_id=19","2025-04-29 12:58:26-06"
193,"Chiapa de Corzo",7,"Chiapas",27,"Chiapa de Corzo",0,"Total del Municipio","Miguel Hidalgo s/n","Barrio Benito Juárez","29160","961 612 83 60","https://www.inah.gob.mx/zonas/zona-arqueologica-chiapa-de-corzo","miguel_riva@inah.gob.mx",-93.00367,16.70321,"http://sic.gob.mx/ficha.php?table=zona_arqueologica&table_id=193","2025-04-29 12:56:44-06"
20,"Toniná",7,"Chiapas",59,"Ocosingo",0,"Total del Municipio","Camino a Rancho Toniná km 1 + 100","","","919  110 34 77","https://www.inah.gob.mx/zonas/zona-arqueologica-de-tonina","",-92.00943,16.90127,"http://sic.gob.mx/ficha.php?table=zona_arqueologica&table_id=20","2025-04-29 12:49:19-06"
21,"Yaxchilán",7,"Chiapas",59,"Ocosingo",0,"Total del Municipio","Acceso por la Carr. núm. 307, crucero a Frontera Corozal, a través del Río Usumacinta","","","961 612 83 60 ","https://www.inah.gob.mx/zonas/zona-arqueologica-de-yaxchilan","",-90.96451,16.8996,"http://sic.gob.mx/ficha.php?table=zona_arqueologica&table_id=21","2025-04-29 12:54:01-06"
15,"Bonampak",7,"Chiapas",59,"Ocosingo",0,"Total del Municipio","Camino (de terracería) a Bonampak km. 8 (aprox.), Lacanjá–Chansayab","","","916 345 27 05","https://www.inah.gob.mx/zonas/zona-arqueologica-de-bonampak","direccioninahchiapas@hotmail.com",-91.06525,16.70398,"http://sic.gob.mx/ficha.php?table=zona_arqueologica&table_id=15","2025-04-29 12:46:17-06"
17,"Palenque",7,"Chiapas",65,"Palenque",0,"Total del Municipio","Carr. Ramal Palenque km. 6.5","","29960","916 345 27 05","https://www.inah.gob.mx/zonas/zona-arqueologica-palenque","keiko_teranishi@inah.gob.mx",-92.04806,17.48508,"http://sic.gob.mx/ficha.php?table=zona_arqueologica&table_id=17","2025-04-29 12:42:32-06"
202,"Iglesia Vieja",7,"Chiapas",97,"Tonalá",0,"Total del Municipio","Camino a Iglesia Vieja km. 9","","","961 612 83 60","https://www.inah.gob.mx/zonas/zona-arqueologica-de-iglesia-vieja","franciscoroger_lopez@inah.gob.mx",-93.74732,16.13144,"http://sic.gob.mx/ficha.php?table=zona_arqueologica&table_id=202","2025-04-29 12:39:00-06"
201,"Lagartero",7,"Chiapas",99,"La Trinitaria",0,"Total del Municipio","Camino a Ejido Cristóbal Colón km. 11 + 400 (aprox. al ejido), Municipio de La Trinitaria, Chiapas. Acceso al camino desde el Km. 56.7 (aprox.) de la Carretera Panamericana de Comitán-Cd. Cuáuhtemoc.","","","961 612 83 60","https://www.inah.gob.mx/zonas/zona-arqueologica-de-lagartero"," rosa_guillen@inah.gob.mx",-91.88415,15.82763,"http://sic.gob.mx/ficha.php?table=zona_arqueologica&table_id=201","2025-04-29 12:37:37-06"
16,"Chinkultic ",7,"Chiapas",99,"La Trinitaria",0,"Total del Municipio","Ramal de carratera a Chinkultic km 1 + 730","","","961 612 83 60","https://www.inah.gob.mx/zonas/zona-arqueologica-de-chinkultic","natividad_figueroa@inah.gob.mx",-91.7813,16.12387,"http://sic.gob.mx/ficha.php?table=zona_arqueologica&table_id=16","2025-04-29 13:44:35-06"
18,"Izapa",7,"Chiapas",102,"Tuxtla Chico",0,"Total del Municipio","Carr. México 200 (Tapachula-Juchitán de Zaragoza) Km 300 + 004","","","961 612 83 60","https://www.inah.gob.mx/zonas/zona-arqueologica-de-izapa","juan_ballinas@inah.gob.mx",-92.18442,14.91352,"http://sic.gob.mx/ficha.php?table=zona_arqueologica&table_id=18","2025-04-29 13:03:12-06"
178,"Cueva de la Olla",8,"Chihuahua",13,"Casas Grandes",0,"Total del Municipio","Camino a rancho Casa Blanca-Cueva de la Olla","","","614 410 87 33","https://www.inah.gob.mx/zonas/zona-arqueologica-cueva-de-la-olla","direccion.chih@inah.gob.mx",-108.31483,30.17257,"http://sic.gob.mx/ficha.php?table=zona_arqueologica&table_id=178","2023-01-11 09:16:40-06"
22,"Paquimé",8,"Chihuahua",13,"Casas Grandes",0,"Total del Municipio","Independencia Zona de Monumentos Arqueológicos de Paquimé 100","Col. Casas Grandes","31850","636 692  41 40 ","https://www.inah.gob.mx/zonas/zona-arqueologica-paquime","mauricio_salgado@inah.gob.mx",-107.94777,30.36608,"http://sic.gob.mx/ficha.php?table=zona_arqueologica&table_id=22","2025-04-29 17:33:37-06"
23,"Cuarenta Casas",8,"Chihuahua",40,"Madera",0,"Total del Municipio","Carr. Ciudad Madera-Mesa del Huracán km. 42.5, El Vallecito","","31940","614 410 39 48 ext. 178040","https://www.inah.gob.mx/zonas/zona-arqueologica-cuarenta-casas","jorge_carrera@inah.gob.mx",-108.15181,29.55505,"http://sic.gob.mx/ficha.php?table=zona_arqueologica&table_id=23","2025-04-29 13:59:05-06"
180,"Huapoca",8,"Chihuahua",40,"Madera",0,"Total del Municipio","Acceso al camino que dirige a Huapoca con en el entronque de la Av. Independencia en Madera, Chihuahua","","","614  410 39 48","https://www.inah.gob.mx/zonas/zona-arqueologica-huapoca","jorge_carrera@inah.gob.mx",-108.32937,29.211,"http://sic.gob.mx/ficha.php?table=zona_arqueologica&table_id=180","2025-04-29 14:01:34-06"
179,"Cueva Grande",8,"Chihuahua",40,"Madera",0,"Total del Municipio","Camino a Huapoca-Cueva Grande, en el paraje conocido como Arroyo de la Cueva que desemboca al Río Papigochi","","","614 410 39 48","https://www.inah.gob.mx/zonas/zona-arqueologica-cueva-grande","jorge_carrera@inah.gob.mx",-108.3412,29.18677,"http://sic.gob.mx/ficha.php?table=zona_arqueologica&table_id=179","2025-04-29 17:29:57-06"
26,"Cerro de la Estrella",9,"Ciudad de México",7,"Iztapalapa",0,"Total del Municipio","Calz. Ermita-Iztapalapa esq. Av. Rojo Gómez<br>Carr. Escénica al Cerro de la Estrella s/n, km 2","Col. Ampliación Veracruzana","09856","55 5522 4446","https://www.inah.gob.mx/zonas/zona-arqueologica-cerro-de-la-estrella","",-99.08979,19.34387,"http://sic.gob.mx/ficha.php?table=zona_arqueologica&table_id=26","2025-04-30 11:31:38-06"
27,"Cuicuilco",9,"Ciudad de México",12,"Tlalpan",0,"Total del Municipio","Av. Insurgentes Sur 146 esq. Periférico Sur","Col. La Joya","14030","55 5606 9758","https://www.inah.gob.mx/zonas/zona-arqueologica-cuicuilco","cuicuilco1985@gmail.com; zacuicuilco_inah@inah.gob.mx",-99.18165,19.30169,"http://sic.gob.mx/ficha.php?table=zona_arqueologica&table_id=27","2025-04-29 18:20:04-06"
223,"Mixcoac",9,"Ciudad de México",14,"Benito Juárez",0,"Total del Municipio","Pirámide 7 esq. Av. San Antonio y Periférico","Col. San Pedro de los Pinos","03800","","https://www.inah.gob.mx/zonas/zona-arqueologica-de-mixcoac","",-99.18989,19.38628,"http://sic.gob.mx/ficha.php?table=zona_arqueologica&table_id=223","2025-04-30 10:57:19-06"
29,"Tlatelolco",9,"Ciudad de México",15,"Cuauhtémoc",0,"Total del Municipio","Eje Central Lázaro Cárdenas esq. Flores Magón","Col. Nonoalco-Tlatelolco","06900","55 5782 2240","https://www.inah.gob.mx/zonas/zona-arqueologica-tlatelolco","za.tlatelolco@inah.gob.mx",-99.13742,19.45112,"http://sic.gob.mx/ficha.php?table=zona_arqueologica&table_id=29","2025-04-29 18:23:48-06"
28,"Templo Mayor",9,"Ciudad de México",15,"Cuauhtémoc",0,"Total del Municipio","Guatemala 60","Centro Histórico","06060","55 5542 0256","https://www.inah.gob.mx/zonas/zona-arqueologica-templo-mayor","n.mntm@inah.gob.mx; edutemplomayor@inah.gob.mx ",-99.13144,19.43495,"http://sic.gob.mx/ficha.php?table=zona_arqueologica&table_id=28","2025-04-30 10:55:21-06"
30,"La Ferrería",10,"Durango",5,"Durango",0,"Total del Municipio","Carr. a Lerdo de Tejada Km 2","Ejido La Ferrería","","618 128 44 13","https://www.inah.gob.mx/zonas/zona-arqueologica-la-ferreria","direccion.dgo@inah.gob.mx",-104.64911,23.96088,"http://sic.gob.mx/ficha.php?table=zona_arqueologica&table_id=30","2025-04-30 11:32:50-06"
192,"Peralta",11,"Guanajuato",1,"Abasolo",0,"Total del Municipio","Ramal de Carretera estatal Abasolo-Huanímaro","Col. San Jose de Peralta","36986","473 733 10 69","https://www.inah.gob.mx/zonas/zona-arqueologica-peralta","delegacion_gto@inah.gob.mx",-101.41691,20.47291,"http://sic.gob.mx/ficha.php?table=zona_arqueologica&table_id=192","2024-03-15 06:03:18-06"
190,"Cañada de la Virgen",11,"Guanajuato",3,"San Miguel de Allende",0,"Total del Municipio","Carr. San Miguel de Allende km 10","","","473 10 22 700 exts. 105, 133","https://www.inah.gob.mx/zonas/zona-arqueologica-canada-de-la-virgen","jlvazquezg@guanajuato.gob.mx",-100.9283,20.8582,"http://sic.gob.mx/ficha.php?table=zona_arqueologica&table_id=190","2023-01-16 06:11:46-06"
225,"Cerro de los Remedios (próxima inauguración)",11,"Guanajuato",9,"Comonfort",0,"Total del Municipio","Garita 25","Los Remedios"," 38204 ","","","",-100.75385,20.72656,"http://sic.gob.mx/ficha.php?table=zona_arqueologica&table_id=225","2025-04-24 13:50:16-06"
196,"El Cóporo",11,"Guanajuato",22,"Ocampo",0,"Total del Municipio","Camino al Cóporo km 4 (aprox.)","","","473 733 08 57","https://www.inah.gob.mx/zonas/zona-arqueologica-el-coporo","delegacion_gto@inah.gob.mx",-101.4588,21.47759,"http://sic.gob.mx/ficha.php?table=zona_arqueologica&table_id=196","2023-01-16 06:12:55-06"
175,"Plazuelas",11,"Guanajuato",23,"Pénjamo",0,"Total del Municipio","Carr. federal 90 tramo Irapuato-La Piedad","San Juan el Alto Plazuelas","","473 10 22 700 exts. 105, 133","https://www.inah.gob.mx/zonas/zona-arqueologica-plazuelas","delegacion_gto@inah.gob.mx",-101.82781,20.40172,"http://sic.gob.mx/ficha.php?table=zona_arqueologica&table_id=175","2022-10-04 15:51:11-05"
219,"Arroyo seco",11,"Guanajuato",43,"Victoria",0,"Total del Municipio","Carr. estatal 110 (Tierra Blanca-Victoria-San Luis de La Paz), a 2.5 km al sureste de la localidad Victoria","","","","https://www.inah.gob.mx/zonas/zona-arqueologica-arroyo-seco","jlvazquezg@guanajuato.gob.mx",-100.20604,21.19319,"http://sic.gob.mx/ficha.php?table=zona_arqueologica&table_id=219","2023-01-16 06:09:06-06"
51,"La Sabana",12,"Guerrero",1,"Acapulco de Juárez",0,"Total del Municipio","Ejido La Sabana","Col. 5 de mayo","","747 471 71 21","https://www.inah.gob.mx/zonas/zona-arqueologica-de-la-sabana","direccion.gro@inah.gob.mx",-99.82308,16.8628,"http://sic.gob.mx/ficha.php?table=zona_arqueologica&table_id=51","2022-10-03 07:06:29-05"
50,"Palma Sola",12,"Guerrero",1,"Acapulco de Juárez",0,"Total del Municipio","Av. Palma Sola s/n","Col. Palma Sola","","744 486 15 14","https://www.inah.gob.mx/zonas/zona-arqueologica-de-palma-sola","direccion.gro@inah.gob.mx",-99.90038,16.89007,"http://sic.gob.mx/ficha.php?table=zona_arqueologica&table_id=50","2022-10-03 08:16:03-05"
45,"Teopantecuanitlán",12,"Guerrero",19,"Copalillo",0,"Total del Municipio","Principal s/n","Las Tinajas","","747 471 71 21","https://www.inah.gob.mx/zonas/zona-arqueologica-de-teopantecuanitlan","direccion.gro@inah.gob.mx",-99.10874,17.90537,"http://sic.gob.mx/ficha.php?table=zona_arqueologica&table_id=45","2023-01-16 06:24:17-06"
191,"Tehuacalco",12,"Guerrero",29,"Chilpancingo de los Bravo",0,"Total del Municipio","","","","747 472 26 04","https://www.inah.gob.mx/zonas/zona-arqueologica-tehuacalco","direccion.gro@inah.gob.mx",-99.50243,17.18808,"http://sic.gob.mx/ficha.php?table=zona_arqueologica&table_id=191","2024-11-11 10:56:06-06"
176,"INDECO Pezoapan",12,"Guerrero",29,"Chilpancingo de los Bravo",0,"Total del Municipio","Zirándaro 27 Unidad Guerrerense","Col. INDECO","39000","","https://revistas.inah.gob.mx/index.php/diariodecampo/article/view/9441/10219","",-99.49023,17.54997,"http://sic.gob.mx/ficha.php?table=zona_arqueologica&table_id=176","2025-04-24 17:37:18-06"
49,"Huamuxtitlán",12,"Guerrero",33,"Huamuxtitlán",0,"Total del Municipio","Galeana s/n","Centro","41200","747 471 71 21","https://www.inah.gob.mx/zonas/zona-arqueologica-de-huamuxtitlan","direccion.gro@inah.gob.mx",-98.56503,17.79885,"http://sic.gob.mx/ficha.php?table=zona_arqueologica&table_id=49","2022-10-03 08:15:16-05"
47,"Cuetlajuchitlán (Los Querende)",12,"Guerrero",34,"Huitzuco de los Figueroa",0,"Total del Municipio","Km 181 Carr. Num. 95 (tramo Cuernavaca-Acapulco)","","","747 471 71 21","https://www.inah.gob.mx/zonas/zona-arqueologica-cuetlajuchitlan-o-los-querende","direccion.gro@inah.gob.mx",-99.21089,18.20448,"http://sic.gob.mx/ficha.php?table=zona_arqueologica&table_id=47","2023-01-16 06:17:47-06"
44,"Ixcateopan",12,"Guerrero",37,"Ixcateopan de Cuauhtémoc",0,"Total del Municipio","5 de mayo (Gral. Vicente Guerrero Saldaña) s/n","","40430","747 471 71 21","https://www.inah.gob.mx/zonas/zona-arqueologica-de-ixcateopan","direccion.gro@inah.gob.mx",-98.52001,17.62024,"http://sic.gob.mx/ficha.php?table=zona_arqueologica&table_id=44","2022-10-05 07:45:35-05"
210,"Soledad de Maciel",12,"Guerrero",48,"Petatlán",0,"Total del Municipio","Camino vecinal a Soledad de Maciel Km 3 + 700 (aprox.)","","","747 4 71 71 21","https://www.inah.gob.mx/zonas/zona-arqueologica-soledad-de-maciel","direccion.gro@inah.gob.mx",-101.33333,17.52639,"http://sic.gob.mx/ficha.php?table=zona_arqueologica&table_id=210","2023-01-16 06:20:30-06"
48,"Los Tepoltzis",12,"Guerrero",61,"Tixtla de Guerrero",0,"Total del Municipio","","","","747 471 71 21","https://www.inah.gob.mx/zonas/zona-arqueologica-los-tepoltzis","direccion.gro@inah.gob.mx",-99.39735,17.60057,"http://sic.gob.mx/ficha.php?table=zona_arqueologica&table_id=48","2022-05-30 12:00:05-05"
46,"La Organera  Xochipala",12,"Guerrero",75,"Eduardo Neri",0,"Total del Municipio","Av. Principal s/n","Comunidad de Xochipala","","747 471 71 21","https://www.inah.gob.mx/zonas/zona-arqueologica-de-organera-xochipala","direccion.gro@inah.gob.mx",-99.63307,17.78441,"http://sic.gob.mx/ficha.php?table=zona_arqueologica&table_id=46","2023-01-16 06:22:05-06"
207,"Pañhú",13,"Hidalgo",59,"Tecozautla",0,"Total del Municipio","","","","771 714 39 89","https://www.inah.gob.mx/zonas/57-zona-arqueologica-panhu","dir.hgo@inah.gob.mx",-99.68478,20.50576,"http://sic.gob.mx/ficha.php?table=zona_arqueologica&table_id=207","2023-01-16 06:27:04-06"
54,"Tepeapulco o Xihuingo",13,"Hidalgo",61,"Tepeapulco",0,"Total del Municipio","","","","771 714 34 31","https://www.inah.gob.mx/zonas/82-zona-arqueologica-tepeapulco-o-xihuingo","dir.hgo@inah.gob.mx",-98.55668,19.81392,"http://sic.gob.mx/ficha.php?table=zona_arqueologica&table_id=54","2023-01-16 06:32:19-06"
52,"Tula",13,"Hidalgo",76,"Tula de Allende",0,"Total del Municipio","Carr. Tula- Tlahuelilpan Km 2","Col.16 de Enero 2a. Ampliación (El Tesoro)","","773 100 36 54","https://www.inah.gob.mx/zonas/zona-arqueologica-y-museo-de-sitio-de-tula","raul_guerrerobustamante@inah.gob.mx",-99.34046,20.06384,"http://sic.gob.mx/ficha.php?table=zona_arqueologica&table_id=52","2024-03-21 10:05:19-06"
53,"Huapalcalco",13,"Hidalgo",77,"Tulancingo de Bravo",0,"Total del Municipio","Acceso desde la Av. del ferrocarril y entronque con Vicente Guerrero en Huapalcalco","","","771 714 34 31","https://www.inah.gob.mx/zonas/zona-arqueologica-huapalcalco","dir.hgo@inah.gob.mx",-98.36289,20.11706,"http://sic.gob.mx/ficha.php?table=zona_arqueologica&table_id=53","2022-10-03 08:17:42-05"
155,"Teuchitlán-Guachimontones",14,"Jalisco",95,"Teuchitlán",0,"Total del Municipio","Pirámide Circular, Carretera Estatal 604 Guadalajara-San Marcos","Gral. Lucio Blanco Estanzuela","46762","33 3614 5416  ","https://www.inah.gob.mx/zonas/zona-arqueologica-teuchitlan-o-guachimontones","direccion.jal@inah.gob.mx",-103.83643,20.69549,"http://sic.gob.mx/ficha.php?table=zona_arqueologica&table_id=155","2025-01-09 11:41:36-06"
55,"Ixtépete",14,"Jalisco",120,"Zapopan",0,"Total del Municipio","Prolg. Av. Mariano Otero s/n","","","333 613 10 75","https://www.inah.gob.mx/zonas/zona-arqueologica-ixtepete","direccion.jal@inah.gob.mx",-103.44154,20.63228,"http://sic.gob.mx/ficha.php?table=zona_arqueologica&table_id=55","2022-10-03 07:11:23-05"
154,"El Grillo",14,"Jalisco",120,"Zapopan",0,"Total del Municipio","Av. Pino Suárez","Col. Villas de San Ignacio","45180","333 613 10 75","https://www.inah.gob.mx/zonas-arqueologicas","",-103.36974,20.73329,"http://sic.gob.mx/ficha.php?table=zona_arqueologica&table_id=154","2022-05-30 12:12:55-05"
149,"Huamango",15,"México",1,"Acambay de Ruíz Castañeda",0,"Total del Municipio","Carr. Toluca – Querétaro km. 93","","","722 214 63 00","https://www.inah.gob.mx/zonas/45-zona-arqueologica-de-huamango","mcsrc@yahoo.com.mx",-99.86596,19.97916,"http://sic.gob.mx/ficha.php?table=zona_arqueologica&table_id=149","2025-04-30 11:56:22-06"
33,"Chimalhuacán",15,"México",31,"Chimalhuacán",0,"Total del Municipio","Pochotes s/n ","Barrio de San Andrés","56337","722 167 13 25","https://www.inah.gob.mx/zonas/130-zona-arqueologica-chimalhuacan","cinah_edomex@inah.gob.mx",-98.94708,19.41816,"http://sic.gob.mx/ficha.php?table=zona_arqueologica&table_id=33","2023-01-11 10:30:10-06"
31,"Acozac Ixtapaluca",15,"México",39,"Ixtapaluca",0,"Total del Municipio","Carr. México-Puebla km. 30","Centro","56530","722 167 13 25","https://www.inah.gob.mx/zonas/128-zona-arqueologica-azocac-o-ixtapaluca","acozaczona@gmail.com",-98.88417,19.3131,"http://sic.gob.mx/ficha.php?table=zona_arqueologica&table_id=31","2023-01-11 09:25:46-06"
41,"Tlapacoya",15,"México",39,"Ixtapaluca",0,"Total del Municipio","Calle Cda. del Silencio s/n","Barrio de Ahuehuetes<br>Loc. Santa Cruz Tlapacoya","56577","722 215 7080","https://www.inah.gob.mx/zonas/139-zona-arqueologica-tlapacoya","humberto_gonzalez@inah.gob.mx",-98.91287,19.30182,"http://sic.gob.mx/ficha.php?table=zona_arqueologica&table_id=41","2022-10-04 15:49:52-05"
37,"Malinalco",15,"México",52,"Malinalco",0,"Total del Municipio","Amajac s/n","Barrio Santa de Mónica","52440","714 147 30 13 ","https://www.inah.gob.mx/zonas/135-zona-arqueologica-malinalco","tlaltecutli94-f@inah.hotmail.com",-99.50294,18.95321,"http://sic.gob.mx/ficha.php?table=zona_arqueologica&table_id=37","2022-10-04 15:48:25-05"
34,"El Conde",15,"México",57,"Naucalpan de Juárez",0,"Total del Municipio","Ozumba 15","Col. El Conde","53500","722 167 13 25","https://www.inah.gob.mx/zonas/131-zona-arqueologica-el-conde","cinah_edomex@inah.gob.mx",-99.23102,19.47055,"http://sic.gob.mx/ficha.php?table=zona_arqueologica&table_id=34","2022-10-05 07:19:56-05"
181,"Ocoyoacac",15,"México",62,"Ocoyoacac",0,"Total del Municipio","kilómetro 45.5 de la carr. federal México–Toluca (15) ","","","","https://www.inah.gob.mx/zonas/50-zona-arqueologica-de-ocoyoacac","cinah_edomex@inah.gob.mx; humberto_gonzalez@inah.gob.mx",-99.47189,19.28254,"http://sic.gob.mx/ficha.php?table=zona_arqueologica&table_id=181","2022-10-03 06:59:50-05"
43,"Los Reyes La Paz",15,"México",70,"La Paz",0,"Total del Municipio","Benito Juárez s/n","Col. Ampliación Los Reyes","56400","722 215 70 80, 722 215 85 69 ","https://www.inah.gob.mx/zonas/134-zona-arqueologica-los-reyes-la-paz","cinah_edomex@inah.gob.mx; humberto_gonzalez@inah.gob.mx",-98.98357,19.3525,"http://sic.gob.mx/ficha.php?table=zona_arqueologica&table_id=43","2024-03-01 07:11:37-06"
150,"San Miguel Ixtapan",15,"México",82,"Tejupilco",0,"Total del Municipio","Carr. Tejupilco - Amatepec km. 17","","51430","722 214 63 00","https://www.inah.gob.mx/zonas/46-zona-arqueologica-de-san-miguel-ixtapan","cinah_edomex@inah.gob.mx",-100.15489,18.80661,"http://sic.gob.mx/ficha.php?table=zona_arqueologica&table_id=150","2024-10-17 09:00:57-06"
153,"Teotenango",15,"México",90,"Tenango del Valle",0,"Total del Municipio","","","","722 167 13 25","https://www.inah.gob.mx/zonas/44-zona-arqueologica-de-teotenango","cinah_edomex@inah.gob.mx",-99.59764,19.10845,"http://sic.gob.mx/ficha.php?table=zona_arqueologica&table_id=153","2022-10-03 08:09:52-05"
39,"Teotihuacán",15,"México",92,"Teotihuacán",0,"Total del Municipio","Autopista Ecatepec Pirámides Km. 22 + 600","","55800","722 215 85 69, 722 215 70 80, 722 214 66 54","http://www.teotihuacan.inah.gob.mx","rogelio_rivero@inah.gob.mx; teotihuacanvisitasguiadas@inah.gob.mx; teotihuacanmuseos@inah.gob.mx",-98.84599,19.69314,"http://sic.gob.mx/ficha.php?table=zona_arqueologica&table_id=39","2025-04-30 11:49:59-06"
40,"Tetzcotzinco",15,"México",99,"Texcoco",0,"Total del Municipio","","","","722 167 13 25","https://www.inah.gob.mx/zonas/138-zona-arqueologica-tetzcotzinco","cinah_edomex@inah.gob.mx",-98.81791,19.49701,"http://sic.gob.mx/ficha.php?table=zona_arqueologica&table_id=40","2023-01-16 06:04:13-06"
152,"Tocuila (cerrado temporalmente)",15,"México",99,"Texcoco",0,"Total del Municipio","16 de Septiembre s/n","Centro","56208","722 215 70 80","https://www.inah.gob.mx/zonas/35-zona-arqueologica-de-tocuila","cinah_edomex@inah.gob.mx  ",-98.90794,19.52047,"http://sic.gob.mx/ficha.php?table=zona_arqueologica&table_id=152","2025-04-24 12:10:58-06"
35,"Huexotla",15,"México",99,"Texcoco",0,"Total del Municipio","San Francisco s/n","Col. San Luis Huexotla","56220","722 167 13 25","https://www.inah.gob.mx/zonas/132-zona-arqueologica-huexotla","cinah_edomex@inah.gob.mx",-98.87187,19.47723,"http://sic.gob.mx/ficha.php?table=zona_arqueologica&table_id=35","2022-10-03 06:59:13-05"
36,"Los Melones",15,"México",99,"Texcoco",0,"Total del Municipio","Abasolo 100","Col. El Carmen","65100","722 167 13 25","https://www.inah.gob.mx/zonas/133-zona-arqueologica-los-melones","cinah_edomex@inah.gob.mx; humberto_gonzalez@inah.gob.mx",-98.88135,19.50878,"http://sic.gob.mx/ficha.php?table=zona_arqueologica&table_id=36","2022-10-03 08:07:10-05"
151,"Tenayuca II",15,"México",104,"Tlalnepantla de Baz",0,"Total del Municipio","Cto. Piramide 51","Fracc. Izcalli Piramide","54140","722 215 7080, 722 215 8569","https://www.inah.gob.mx/zonas/137-zona-arqueologica-tenayuca-i-y-ii","cinah_edomex@inah.gob.mx",-99.16933,19.53504,"http://sic.gob.mx/ficha.php?table=zona_arqueologica&table_id=151","2023-01-16 05:57:36-06"
38,"Tenayuca",15,"México",104,"Tlalnepantla de Baz",0,"Total del Municipio","Quetzalcoatl s/n","Col. San Bartolo Tenayuca","54150","55 5388 6191","https://www.inah.gob.mx/zonas/137-zona-arqueologica-tenayuca-i-y-ii","cinah_edomex@inah.gob.mx",-99.16848,19.53213,"http://sic.gob.mx/ficha.php?table=zona_arqueologica&table_id=38","2023-01-16 05:57:01-06"
42,"Santa Cecilia Acatitlán",15,"México",104,"Tlalnepantla de Baz",0,"Total del Municipio","Cjón. del Tepozteco s/n","Santa Cecilia Acatitián","54130","55 2125 9070","https://www.inah.gob.mx/zonas/136-zona-arqueologica-santa-cecilia-acatitlan","cinah_edomex@inah.gob.mx",-99.17345,19.55266,"http://sic.gob.mx/ficha.php?table=zona_arqueologica&table_id=42","2025-04-24 11:50:03-06"
32,"Calixtlahuaca",15,"México",106,"Toluca",0,"Total del Municipio","Cto. perimetral (Hidalgo) Loc. de San Francisco Calixtlahuaca","Centro","55855","722 215 95 60","https://www.inah.gob.mx/zonas/129-zona-arqueologica-calixtlahuaca","cinah_edomex@inah.gob.mx",-99.69299,19.33374,"http://sic.gob.mx/ficha.php?table=zona_arqueologica&table_id=32","2022-10-03 06:57:15-05"
60,"Tres Cerritos",16,"Michoacán de Ocampo",20,"Cuitzeo",0,"Total del Municipio","Camino a Zona Arqueológica Tres Cerritos Km 0 + 480, Rancho San Jacinto (La Loma)","","","443 312 88 38","https://www.inah.gob.mx/zonas/15-zona-arqueologica-tres-cerritos"," centroinahmich@inah.gob.mx",-101.10482,19.96072,"http://sic.gob.mx/ficha.php?table=zona_arqueologica&table_id=60","2022-10-04 15:55:27-05"
56,"Huandacareo (La Nopalera)",16,"Michoacán de Ocampo",36,"Huandacareo",0,"Total del Municipio","Mezquite","Col. La Nopalera","","443 313 26 50 ext. 248004","https://www.inah.gob.mx/zonas/zona-arqueologica-huandacareo-la-nopalera","centroinahmich@inah.gob.mx",-101.28967,19.99505,"http://sic.gob.mx/ficha.php?table=zona_arqueologica&table_id=56","2023-01-16 06:38:03-06"
59,"Tingambato",16,"Michoacán de Ocampo",90,"Tingambato",0,"Total del Municipio","","","","443 312 88 38 ","https://www.inah.gob.mx/zonas/zona-arqueologica-tingambato","centroinahmich@inah.gob.mx",-101.85863,19.49438,"http://sic.gob.mx/ficha.php?table=zona_arqueologica&table_id=59","2022-10-05 07:51:40-05"
61,"Tzintzuntzan",16,"Michoacán de Ocampo",100,"Tzintzuntzan",0,"Total del Municipio","Av. de las Yácatas s/n","Centro","58440","443 313 26 50 ext. 248004","https://www.inah.gob.mx/zonas/zona-arqueologica-de-tzintzuntzan","centroinahmich@inah.gob.mx",-101.57346,19.62375,"http://sic.gob.mx/ficha.php?table=zona_arqueologica&table_id=61","2024-09-18 14:46:53-06"
57,"Ihuatzio",16,"Michoacán de Ocampo",100,"Tzintzuntzan",0,"Total del Municipio","Acceso al camino desde el Km. 5 de la Av. Independencia","","","443 313 26 50","https://www.inah.gob.mx/zonas/zona-arqueologica-ihuatzio","centroinahmich@inah.gob.mx",-101.62094,19.57749,"http://sic.gob.mx/ficha.php?table=zona_arqueologica&table_id=57","2022-11-16 10:21:18-06"
58,"San Felipe Los Alzati",16,"Michoacán de Ocampo",112,"Zitácuaro",0,"Total del Municipio","Camino a Zona Arqueológica San Felipe Los Alzati, km 2","","","443 312 88 38","https://www.inah.gob.mx/zonas/zona-arqueologica-san-felipe-los-alzati","centroinahmich@inah.gob.mx",-100.39164,19.50624,"http://sic.gob.mx/ficha.php?table=zona_arqueologica&table_id=58","2024-02-19 03:22:44-06"
65,"Olintepec",17,"Morelos",4,"Ayala",0,"Total del Municipio","","","","777 314 40 48","https://www.inah.gob.mx/zonas/zona-arqueologica-de-olintepec","direccion.mor@inah.gob.com",-98.98587,18.73981,"http://sic.gob.mx/ficha.php?table=zona_arqueologica&table_id=65","2022-02-04 13:21:10-06"
66,"Teopanzolco",17,"Morelos",7,"Cuernavaca",0,"Total del Municipio","Río Balsas s/n","Col. Vista Hermosa","","777 314 40 48","https://www.inah.gob.mx/zonas/zona-arqueologica-teopanzolco","direccion.mor@inah.gob.com",-99.22215,18.93042,"http://sic.gob.mx/ficha.php?table=zona_arqueologica&table_id=66","2022-10-03 07:18:14-05"
62,"Chalcatzingo",17,"Morelos",10,"Jantetelco",0,"Total del Municipio","Alatriste s/n","","62977","777 314 40 48","https://www.inah.gob.mx/zonas/zona-arqueologica-chalcatzingo","direccion.mor@inah.gob.com",-98.77152,18.67704,"http://sic.gob.mx/ficha.php?table=zona_arqueologica&table_id=62","2023-05-31 12:52:00-06"
64,"Las Pilas",17,"Morelos",13,"Jonacatepec de Leandro Valle",0,"Total del Municipio","Yautepec s/n","","62930","777 314 40 48","https://www.inah.gob.mx/zonas/zona-arqueologica-las-pilas","direccion.mor@inah.gob.com",-98.79955,18.68755,"http://sic.gob.mx/ficha.php?table=zona_arqueologica&table_id=64","2022-10-04 15:56:03-05"
68,"Xochicalco",17,"Morelos",15,"Miacatlán",0,"Total del Municipio","Carr. Federal Xochicalco-Tetlama","","62605","777 314 40 48","https://www.inah.gob.mx/zonas/zona-arqueologica-de-xochicalco","direccion.mor@inah.gob.com",-99.2967,18.80453,"http://sic.gob.mx/ficha.php?table=zona_arqueologica&table_id=68","2022-10-05 07:54:25-05"
182,"Tepozteco",17,"Morelos",20,"Tepoztlán",0,"Total del Municipio","Av. del Tepozteco s/n","Barrio de la Santa Cruz","","777 314 40 48","https://www.inah.gob.mx/zonas/zona-arqueologica-tepozteco","direccion.mor@inah.gob.com",-99.10153,19.00068,"http://sic.gob.mx/ficha.php?table=zona_arqueologica&table_id=182","2022-10-03 08:23:03-05"
69,"Yautepec",17,"Morelos",29,"Yautepec",0,"Total del Municipio","Paraíso (hacia el norte se convierte en la calle Esther Casariego) s/n ","Rancho Nuevo","62731","777 314 40 48","https://www.inah.gob.mx/zonas/zona-arqueologica-de-yautepec","direccion.mor@inah.gob.com",-99.06912,18.88081,"http://sic.gob.mx/ficha.php?table=zona_arqueologica&table_id=69","2022-10-04 15:56:33-05"
63,"Coatetelco",17,"Morelos",34,"Coatetelco",0,"Total del Municipio","Amargura s/n","Coatetelco","62606","777 314 40 48","https://www.inah.gob.mx/zonas/zona-arqueologica-coatetelco","direccion.mor@inah.gob.mx",-99.32596,18.7265,"http://sic.gob.mx/ficha.php?table=zona_arqueologica&table_id=63","2022-10-05 07:53:41-05"
70,"Ixtlán del Río (Los Toriles)",18,"Nayarit",6,"Ixtlán del Río",0,"Total del Municipio","","","","311 216 30 22 ","https://www.inah.gob.mx/zonas/zona-arqueologica-ixtlan-del-rio-o-los-toriles","direccion.nay@inah.gob.com ",-104.34473,21.03831,"http://sic.gob.mx/ficha.php?table=zona_arqueologica&table_id=70","2023-01-16 06:41:20-06"
71,"Boca de Potrerillos",19,"Nuevo León",37,"Mina",0,"Total del Municipio","Carretera Núm. 53 rumbo a Monclova","","","81 8339 9751, 81 8333 9588","https://www.inah.gob.mx/zonas/zona-arqueologica-boca-de-potrerillos","bocadepotrerillos@inah.gob.mx",-100.64204,26.04505,"http://sic.gob.mx/ficha.php?table=zona_arqueologica&table_id=71","2023-01-16 06:52:17-06"
183,"Huamelulpan",20,"Oaxaca",239,"San Martín Huamelúlpam",0,"Total del Municipio","Ayoco s/n, Plaza Cívica de San Martín Huamelulpan","","","951 513 33 46","https://www.inah.gob.mx/zonas/zona-arqueologica-de-huamelulpan","delegacion_oaxaca@inah.gob.com",-97.59942,17.3981,"http://sic.gob.mx/ficha.php?table=zona_arqueologica&table_id=183","2023-01-16 07:07:31-06"
75,"Mitla",20,"Oaxaca",298,"San Pablo Villa de Mitla",0,"Total del Municipio","Camino Nacional, Los Presidentes","Centro","70430","951 502 12 00","https://www.inah.gob.mx/zonas/zona-arqueologica-de-mitla","delegación_oaxaca@inah.gob.mx",-96.35931,16.9269,"http://sic.gob.mx/ficha.php?table=zona_arqueologica&table_id=75","2022-10-04 15:57:38-05"
76,"Monte Albán",20,"Oaxaca",385,"Santa Cruz Xoxocotlán",0,"Total del Municipio","Camino Dr. Ignacio Bernal (A Monte Albán)","Monte Albán","","951 513 33 46","https://www.inah.gob.mx/zonas/94-zona-arqueologica-de-monte-alban","ernesto_gonzalezl@inah.gob.mx",-96.76822,17.0434,"http://sic.gob.mx/ficha.php?table=zona_arqueologica&table_id=76","2023-01-16 06:57:34-06"
197,"Atzompa",20,"Oaxaca",399,"Santa María Atzompa",0,"Total del Municipio","Independencia (Camino a Zona Arqueológica de Atzompa)","","","951 516 70 77","https://www.inah.gob.mx/zonas/zona-arqueologica-de-atzompa","patricia_lira@inah.gob.mx",-96.7827,17.07931,"http://sic.gob.mx/ficha.php?table=zona_arqueologica&table_id=197","2022-10-03 07:24:46-05"
198,"Bocana del Río Copalita",20,"Oaxaca",413,"Santa María Huatulco",0,"Total del Municipio","Blvd. Copalita-Tangolunda tramo 15","Col. Bahías de Huatulco, Bocana del Río Copalita","70989","951 515 04 00","https://www.inah.gob.mx/zonas/zona-arqueologica-bocana-del-rio-copalita","delegación_oaxaca@inah.gob.mx",-96.05452,15.79259,"http://sic.gob.mx/ficha.php?table=zona_arqueologica&table_id=198","2023-01-16 07:04:52-06"
213,"Cerro la Campana (Huijazoo)",20,"Oaxaca",483,"Santiago Suchilquitongo",0,"Total del Municipio","Camino a iglesia El Calvario km 2 (aprox.)","","","951 513 33 46","","delegacion_oaxaca@inah.gob.mx",-96.87051,17.26891,"http://sic.gob.mx/ficha.php?table=zona_arqueologica&table_id=213","2024-03-07 03:03:21-06"
73,"Guiengola",20,"Oaxaca",515,"Santo Domingo Tehuantepec",0,"Total del Municipio","Camino a Guiengola Km 7","","","951 513 33 46, 951 513 33 52","https://www.inah.gob.mx/zonas/zona-arqueologica-de-guiengola","delegacion_oaxaca@inah.gob.com",-95.32335,16.38604,"http://sic.gob.mx/ficha.php?table=zona_arqueologica&table_id=73","2022-10-04 15:57:06-05"
72,"Dainzú",20,"Oaxaca",550,"San Jerónimo Tlacochahuaya",0,"Total del Municipio","","","","951 568 03 16","https://www.inah.gob.mx/zonas/86-zona-arqueologica-dainzu","delegacion_oaxaca@inah.gob.com",-96.55672,17.0036,"http://sic.gob.mx/ficha.php?table=zona_arqueologica&table_id=72","2022-10-05 07:58:36-05"
226,"Cuevas Prehistóricas de Mitla y Yagul",20,"Oaxaca",551,"Tlacolula de Matamoros",0,"Total del Municipio","Carr. Internacional Cristóbal Colón 1075 km 33 Oaxaca -","Valle de Tlacolula","70400","","https://www.inah.gob.mx/boletines/presentan-estudios-sobre-tecnicas-y-motivos-rupestres-plasmados-en-las-cuevas-prehistoricas-del-valle-de-oaxaca","",-96.42019,16.95359,"http://sic.gob.mx/ficha.php?table=zona_arqueologica&table_id=226","2025-04-25 10:42:51-06"
77,"Yagul",20,"Oaxaca",551,"Tlacolula de Matamoros",0,"Total del Municipio","Camino a la Zona Arqueológica Yagul km 1 + 430","","","951 568 03 16","https://www.inah.gob.mx/zonas/zona-arqueologica-de-yagul","zamitla@inah.gob.mx",-96.45002,16.95834,"http://sic.gob.mx/ficha.php?table=zona_arqueologica&table_id=77","2022-10-03 08:43:14-05"
74,"Lambityeco",20,"Oaxaca",551,"Tlacolula de Matamoros",0,"Total del Municipio","Carr. Federal Núm. 190 Km 30 + 650 (Oaxaca-Tehuantepec)","","","951 515 33 46","https://www.inah.gob.mx/zonas/zona-arqueologica-de-lambityeco","delegacion_oaxaca@inah.gob.mx",-96.49196,16.97185,"http://sic.gob.mx/ficha.php?table=zona_arqueologica&table_id=74","2022-10-05 07:59:08-05"
78,"Zaachila",20,"Oaxaca",565,"Villa de Zaachila",0,"Total del Municipio","Alarii 30","Col. La Purisima","71250","951 513 33 46","https://www.inah.gob.mx/zonas/zona-arqueologica-de-zaachila","delegación_oaxaca@inah.gob.mx",-96.74876,16.9526,"http://sic.gob.mx/ficha.php?table=zona_arqueologica&table_id=78","2025-05-20 14:10:44-06"
84,"Yohualichan",21,"Puebla",43,"Cuetzalan del Progreso",0,"Total del Municipio","Carr. Federal a Cuetzalan 129 ","","73560","222 235 40 56","https://www.inah.gob.mx/zonas/114-zona-arqueologica-de-yohualichan","direccion.pue@inah.gob.mx",-97.50292,20.06123,"http://sic.gob.mx/ficha.php?table=zona_arqueologica&table_id=84","2023-01-16 07:15:28-06"
80,"Cholula",21,"Puebla",119,"San Andrés Cholula",0,"Total del Municipio","Av. Morelos esq. 8 Norte","Centro Histórico","72760","222 235 14 78","https://www.inah.gob.mx/zonas/zona-arqueologica-de-cholula","direccion.pue@inah.gob.mx",-98.30247,19.05802,"http://sic.gob.mx/ficha.php?table=zona_arqueologica&table_id=80","2022-10-03 08:43:58-05"
81,"Los Cerritos de San Cristóbal Tepatlaxco",21,"Puebla",132,"San Martín Texmelucan",0,"Total del Municipio","Carr. Federal México-Puebla, km 1.5","","74120","222 213 73 90 ext. 298033","https://www.inah.gob.mx/zonas/15-zona-arqueologica-los-cerritos-de-san-cristobal-tepatlaxco","dirección.pue@inah.gob.mx",-98.44542,19.31398,"http://sic.gob.mx/ficha.php?table=zona_arqueologica&table_id=81","2023-01-16 07:12:01-06"
217,"Tehuacán el Viejo",21,"Puebla",156,"Tehuacán",0,"Total del Municipio","Camino a San Isidro s/n ","San Diego Chalma","75859 ","222 235 40 56","https://lugares.inah.gob.mx/es/zonas-arqueologicas/zonas/opinion/14643-tehuac%C3%A1n-el-viejo.html","maurer3te@yahoo.com.mx",-97.34532,18.45132,"http://sic.gob.mx/ficha.php?table=zona_arqueologica&table_id=217","2022-02-25 09:10:36-06"
82,"Tepexi el Viejo",21,"Puebla",169,"Tepexi de Rodríguez",0,"Total del Municipio","Carr. a Tepeaca 150 ","","74690","222 235 14 78 ","https://www.inah.gob.mx/zonas/16-zona-arqueologica-tepexi-el-viejo","direccion.pue@inah.gob.mx",-97.98334,18.59795,"http://sic.gob.mx/ficha.php?table=zona_arqueologica&table_id=82","2023-01-16 07:18:03-06"
79,"Cantona",21,"Puebla",170,"Tepeyahualco",0,"Total del Municipio","Carr. Tepeyahualco-Xonacatlán km 7.5, entre los municipios de Tepeyahualco y Coyoaco","","73990","cels. 276 111 67 58,  222 192 93 50","https://www.inah.gob.mx/zonas/zona-arqueologica-de-cantona","david_cuevas@inah.gob.mx; clemengfer@hotmail.co",-97.49157,19.5537,"http://sic.gob.mx/ficha.php?table=zona_arqueologica&table_id=79","2023-01-16 07:20:25-06"
205,"Teteles de Santo Nombre",21,"Puebla",177,"Tlacotepec de Benito Juárez",0,"Total del Municipio","","","","55 3484 4117","","museoyzonateteles@hotmail.com",-97.71752,18.62862,"http://sic.gob.mx/ficha.php?table=zona_arqueologica&table_id=205","2022-02-25 09:14:25-06"
83,"Tepapayeca",21,"Puebla",185,"Tlapanalá",0,"Total del Municipio","Carr. Federal Izucar-Cuautla Km 11","pueblo de Santa María de la Candelaria","74540","222 235 14 78, 222 235 94 21","https://www.inah.gob.mx/zonas/55-zona-arqueologica-de-tepapayeca","proyectos.inah@gmail.com",-98.53095,18.67392,"http://sic.gob.mx/ficha.php?table=zona_arqueologica&table_id=83","2022-10-04 15:58:13-05"
87,"Toluquilla",22,"Querétaro",4,"Cadereyta de Montes",0,"Total del Municipio","","","","442 245 52 04","https://www.inah.gob.mx/zonas/zona-arqueologica-de-toluquilla","manuel_naredo@inah.gob.mx",-99.5306,20.88328,"http://sic.gob.mx/ficha.php?table=zona_arqueologica&table_id=87","2022-10-05 08:05:00-05"
85,"El Cerrito",22,"Querétaro",6,"Corregidora",0,"Total del Municipio","","","","442 212 01 72","https://www.inah.gob.mx/zonas/zona-arqueologica-el-cerrito","manuel_naredo@inah.gob.mx",-100.44321,20.55044,"http://sic.gob.mx/ficha.php?table=zona_arqueologica&table_id=85","2022-10-04 15:58:42-05"
194,"Tancama",22,"Querétaro",9,"Jalpan de Serra",0,"Total del Municipio","","","","442 212 01 72","https://www.inah.gob.mx/zonas/zona-arqueologica-de-tancama","manuel_naredo@inah.gob.mx",-99.39898,21.16171,"http://sic.gob.mx/ficha.php?table=zona_arqueologica&table_id=194","2022-10-03 08:49:15-05"
86,"Ranas",22,"Querétaro",15,"San Joaquín",0,"Total del Municipio","","","76553","442 225 1132","https://www.inah.gob.mx/zonas/zona-arqueologica-de-ranas","manuel_naredo@inah.gob.mx",-99.56389,20.92624,"http://sic.gob.mx/ficha.php?table=zona_arqueologica&table_id=86","2024-06-24 09:07:27-06"
186,"Caracol-Punta Sur",23,"Quintana Roo",1,"Cozumel",0,"Total del Municipio","","","","983 837 24 11","https://www.inah.gob.mx/zonas/zona-arqueologica-caracol-punta-sur","direccion.qroo@inah.gob.mx",-86.97925,20.28011,"http://sic.gob.mx/ficha.php?table=zona_arqueologica&table_id=186","2023-01-16 07:30:11-06"
95,"San Gervasio",23,"Quintana Roo",1,"Cozumel",0,"Total del Municipio","Camino a la Zona Arqueológica San Gervasio Km 6","","","983 837 07 96 exts. 318002, 318003","https://www.inah.gob.mx/zonas/zona-arqueologica-san-gervasio","direccion.qroo@inah.gob.mx",-86.84583,20.49561,"http://sic.gob.mx/ficha.php?table=zona_arqueologica&table_id=95","2022-10-03 07:34:49-05"
94,"Muyil",23,"Quintana Roo",2,"Felipe Carrillo Puerto",0,"Total del Municipio","Carretera Federal Núm. 307 (tramo Carrillo Puerto-Tulum) Km. 208","","","983 837 07 96","https://www.inah.gob.mx/zonas/zona-arqueologica-de-muyil","direccion.qroo@inah.gob.mx",-87.6108,20.07748,"http://sic.gob.mx/ficha.php?table=zona_arqueologica&table_id=94","2023-01-16 07:26:55-06"
90,"El Meco",23,"Quintana Roo",3,"Isla Mujeres",0,"Total del Municipio","Carr. Puerto Juárez-Punta Sam Km 2 + 700","","","983 837 07 96 exts. 318002, 318003","https://www.inah.gob.mx/zonas/zona-arqueologica-el-meco","direccion.qroo@inah.gob.mx",-86.80389,21.21099,"http://sic.gob.mx/ficha.php?table=zona_arqueologica&table_id=90","2022-10-04 15:59:13-05"
174,"Chacchoben",23,"Quintana Roo",4,"Othón P. Blanco",0,"Total del Municipio","Carr. Federal Núm. 293 (vía corta a Mérida) Km 9","","","983 837 07 96","http://www.inah.gob.mx/es/zonas/105-zona-arqueologica-de-chacchoben","direccion.qroo@inah.gob.mx",-88.41944,18.52105,"http://sic.gob.mx/ficha.php?table=zona_arqueologica&table_id=174","2022-10-03 07:33:29-05"
184,"Chakanbakan",23,"Quintana Roo",4,"Othón P. Blanco",0,"Total del Municipio","","","","983 837 24 11","https://www.inah.gob.mx/zonas/zona-arqueologica-de-chacchoben","",-89.08971,18.45205,"http://sic.gob.mx/ficha.php?table=zona_arqueologica&table_id=184","2023-01-16 07:33:31-06"
93,"Oxtankah",23,"Quintana Roo",4,"Othón P. Blanco",0,"Total del Municipio","Carretera Chetumal-Calderitas-Luis Echeverría Km 9","","","983 837 2411 ","https://www.inah.gob.mx/zonas/zona-arqueologica-oxtankah"," direccion.qroo@inah.gob.mx.",-88.23466,18.60729,"http://sic.gob.mx/ficha.php?table=zona_arqueologica&table_id=93","2024-03-06 06:05:03-06"
218,"Kinichná",23,"Quintana Roo",4,"Othón P. Blanco",0,"Total del Municipio","Camino Morocoy-Dzibanche Km 16","","","983 837 07 96 exts. 318002, 318003","https://www.inah.gob.mx/zonas/zona-arqueologica-de-dzibanche-kinichna","direccion.qroo@inah.gob.mx",-88.76732,18.66082,"http://sic.gob.mx/ficha.php?table=zona_arqueologica&table_id=218","2022-01-11 09:05:58-06"
92,"Zona Arqueológica de Kohunlich",23,"Quintana Roo",4,"Othón P. Blanco",0,"Total del Municipio","Carr. Federal 186, Chetumal-Escárcega","","77981","983 837 24 11","https://www.inah.gob.mx/zonas/zona-arqueologica-kohunlich","direccion.qroo@inah.gob.mx",-88.79135,18.41924,"http://sic.gob.mx/ficha.php?table=zona_arqueologica&table_id=92","2023-10-11 08:48:09-06"
89,"Dzibanché",23,"Quintana Roo",4,"Othón P. Blanco",0,"Total del Municipio","Camino Morocoy-Dzibanché Km. 14 (Dzibanché) ","","77953","983 837 07 96 exts. 318002, 318003","https://www.inah.gob.mx/zonas/zona-arqueologica-de-dzibanche-kinichna","direccion.qroo@inah.gob.mx.",-88.7591,18.63937,"http://sic.gob.mx/ficha.php?table=zona_arqueologica&table_id=89","2025-02-24 11:27:33-06"
211,"San Miguelito",23,"Quintana Roo",5,"Benito Juárez",0,"Total del Municipio","Km. 6.5 del Boulevard Kukulkán","Zona Hotelera de Cancún","77500","983 837 07 96, 998 887 88 74","https://www.inah.gob.mx/zonas/zona-arqueologica-de-san-miguelito","museomayacancun@inah.gob.mx",-86.77844,21.07166,"http://sic.gob.mx/ficha.php?table=zona_arqueologica&table_id=211","2023-01-16 07:37:10-06"
91,"El Rey",23,"Quintana Roo",5,"Benito Juárez",0,"Total del Municipio","Blvd. Kukulkan km 9.5","Zona Hotelera","77500","983 837 07 96","https://www.inah.gob.mx/zonas/zona-arqueologica-el-rey","direccion.qroo@inah.gob.mx",-86.78182,21.05924,"http://sic.gob.mx/ficha.php?table=zona_arqueologica&table_id=91","2024-10-23 14:38:56-06"
97,"Xcaret",23,"Quintana Roo",8,"Solidaridad",0,"Total del Municipio","Carr. Federal No. 307 (Cancún-Chetumal) Km 282","","","983 837 07 96 exts. 318002, 318003","https://www.inah.gob.mx/zonas/zona-arqueologica-xcaret","direccion.qroo@inah.gob.mx",-87.11962,20.57874,"http://sic.gob.mx/ficha.php?table=zona_arqueologica&table_id=97","2022-10-05 08:07:32-05"
185,"Playa del Carmen (Playacar)",23,"Quintana Roo",8,"Solidaridad",0,"Total del Municipio","Av. Paseo Xaman-ha entre Palenque y Bonampak","Col. Playacar","","983 837 24 11, 983 837 0796 exts. 318002, 318003","https://www.inah.gob.mx/zonas/zona-arqueologica-playa-del-carmen","direccion.qroo@inah.gob.mx",-87.08296,20.6143,"http://sic.gob.mx/ficha.php?table=zona_arqueologica&table_id=185","2023-01-16 07:35:33-06"
142,"Calica",23,"Quintana Roo",8,"Solidaridad",0,"Total del Municipio","Int. de la empresa Calizas Industriales del Carmen"," Punta Rancho Ina","","983 837 07 96","https://www.inah.gob.mx/zonas/zona-arqueologica-de-calica","direccion.qroo@inah.gob.mx",-87.14583,20.58621,"http://sic.gob.mx/ficha.php?table=zona_arqueologica&table_id=142","2022-05-30 12:51:00-05"
96,"Tulum-Tankah",23,"Quintana Roo",9,"Tulum",0,"Total del Municipio","Carr. Federal Chetumal-Cancún km 230","","","983 837 07 96","https://www.inah.gob.mx/zonas/99-zona-arqueologica-de-tulum","margarito_molina@inah.gob.mx",-87.43046,20.2154,"http://sic.gob.mx/ficha.php?table=zona_arqueologica&table_id=96","2024-09-06 16:53:40-06"
221,"Cobá",23,"Quintana Roo",9,"Tulum",0,"Total del Municipio","Carr. Cobá-Chanchén Primero km 2","","","984 206 71 66","https://www.inah.gob.mx/zonas/515-zona-arqueologica-de-coba","manuel_ochoa@inah.gob.mx",-87.46306,20.21078,"http://sic.gob.mx/ficha.php?table=zona_arqueologica&table_id=221","2022-10-03 08:52:38-05"
98,"Xel Há",23,"Quintana Roo",9,"Tulum",0,"Total del Municipio","Carr. Federal Núm. 307 (Reforma Agraria-Puerto Juárez) Km. 246","","","983 837 07 96 exts. 318002, 318003","https://www.inah.gob.mx/zonas/zona-arqueologica-xelha","direccion.qroo@inah.gob.mx",-87.36718,20.31917,"http://sic.gob.mx/ficha.php?table=zona_arqueologica&table_id=98","2023-01-16 07:39:56-06"
204,"Ichkabal",23,"Quintana Roo",10,"Bacalar",0,"Total del Municipio","","","77903","983 837 0796","https://www.inah.gob.mx/boletines/la-antigua-urbe-maya-de-ichkabal-abrio-sus-puertas-como-zona-arqueologica-en-quintana-roo","direccion.qroo@inah.gob.mx",-88.66768,18.6857,"http://sic.gob.mx/ficha.php?table=zona_arqueologica&table_id=204","2025-04-25 11:22:41-06"
187,"Tamohi (El Consuelo)",24,"San Luis Potosí",40,"Tamuín",0,"Total del Municipio","Camino a Tamuín km 1","","","444 813 48 31","https://www.inah.gob.mx/zonas/140-zona-arqueologica-tamohi-o-el-consuelo","direccion_slp@inah.gob.mx",-98.74975,21.95291,"http://sic.gob.mx/ficha.php?table=zona_arqueologica&table_id=187","2023-01-16 07:45:51-06"
177,"Tamtoc",24,"San Luis Potosí",40,"Tamuín",0,"Total del Municipio","Ramal de carretera a Tamtoc Km 10","","","444 813 49 41","https://www.inah.gob.mx/zonas/115-zona-arqueologica-de-tamtoc","direccion.slp@inah.gob.mx",-98.81268,21.92476,"http://sic.gob.mx/ficha.php?table=zona_arqueologica&table_id=177","2022-10-05 08:07:59-05"
212,"Las Labradas",25,"Sinaloa",16,"San Ignacio",0,"Total del Municipio","Camino a Las Labradas Km. 5, La Chicayota","","","667 713 9252; 667 752 1541 ","https://www.inah.gob.mx/zonas/zona-arqueologica-de-las-labradas","laslabradasza@gmail.com",-106.76605,23.62131,"http://sic.gob.mx/ficha.php?table=zona_arqueologica&table_id=212","2024-03-15 08:56:34-06"
200,"Cerro de Trincheras",26,"Sonora",64,"Trincheras",0,"Total del Municipio","Blvd. Joaquín Murrieta y Sonora","Cruzando las vías del ferrocarril","","641 325 60 18  ","https://www.inah.gob.mx/zonas/zona-arqueologica-trincheras","sergio_lopezdv@inah.gob.mx",-111.53371,30.39464,"http://sic.gob.mx/ficha.php?table=zona_arqueologica&table_id=200","2023-01-16 07:55:32-06"
103,"Moral-Reforma",27,"Tabasco",1,"Balancán",0,"Total del Municipio","Camino a la zona arqueológica Moral-Reforma Km. 3 + 580 (aprox.)","","","993 352 10 33","https://www.inah.gob.mx/zonas/zona-arqueologica-de-moral-reforma","cinah_tabasco@inah.gob.mx",-91.29848,17.76831,"http://sic.gob.mx/ficha.php?table=zona_arqueologica&table_id=103","2023-01-16 07:57:54-06"
99,"Comalcalco",27,"Tabasco",5,"Comalcalco",0,"Total del Municipio","Ranchería Norte, km. 1.5 de la carretera Comalcalco - Paraíso, Tabasco","","86900","","https://www.inah.gob.mx/zonas/zona-arqueologica-de-comalcalco","cinah_tabasco@inah.gob.mx",-93.20175,18.28008,"http://sic.gob.mx/ficha.php?table=zona_arqueologica&table_id=99","2022-10-03 07:37:41-05"
101,"Malpasito",27,"Tabasco",8,"Huimanguillo",0,"Total del Municipio","Camino a Malpasito- Zona Arqueológica Km. 1 + 850","","","993 352 10 33 ","https://www.inah.gob.mx/zonas/zona-arqueologica-de-malpasito","cinah_tabasco@inah.gob.mx",-93.59471,17.34062,"http://sic.gob.mx/ficha.php?table=zona_arqueologica&table_id=101","2022-10-02 15:56:00-05"
100,"La Venta",27,"Tabasco",8,"Huimanguillo",0,"Total del Municipio","Carr. Villa Benito Juárez s/n","","86410","923 232 94 23","https://www.inah.gob.mx/zonas/zona-arqueologica-la-venta","",-94.0401,18.10236,"http://sic.gob.mx/ficha.php?table=zona_arqueologica&table_id=100","2022-10-03 08:56:35-05"
141,"San Claudio",27,"Tabasco",17,"Tenosique",0,"Total del Municipio","Carr. Internacional Tenosique-El Ceibo, km 38","","","","","",-91.15879,17.33617,"http://sic.gob.mx/ficha.php?table=zona_arqueologica&table_id=141","2025-04-25 13:24:02-06"
102,"Pomoná",27,"Tabasco",17,"Tenosique",0,"Total del Municipio","Camino a Pomoná-Zona Arqueológica Km. 2 + 770","","86900","993 352 10 22","https://www.inah.gob.mx/zonas/zona-arqueologica-de-pomona","julia_moreno@inah.gob.mx",-91.57077,17.48418,"http://sic.gob.mx/ficha.php?table=zona_arqueologica&table_id=102","2022-10-03 07:38:11-05"
105,"El Sabinito",28,"Tamaulipas",37,"Soto la Marina",0,"Total del Municipio","Camino a las Ruinas","","","834 306 01 60 ext. 368008","https://www.inah.gob.mx/zonas/zona-arqueologica-el-sabinito","ltorre.tamps@inah.gob.mx",-98.40722,23.63641,"http://sic.gob.mx/ficha.php?table=zona_arqueologica&table_id=105","2022-10-03 07:42:27-05"
104,"Las Flores",28,"Tamaulipas",38,"Tampico",0,"Total del Municipio","Av. Chairel 36 esq. Azahar y Clavel","Col. Las Flores","","834 306 01 60 ext. 368008","https://www.inah.gob.mx/zonas/zona-arqueologica-piramide-las-flores","direccion.tamps@inah.gob.mx",-97.87679,22.24954,"http://sic.gob.mx/ficha.php?table=zona_arqueologica&table_id=104","2022-10-03 08:58:14-05"
140,"Balcón de Montezuma",28,"Tamaulipas",41,"Victoria",0,"Total del Municipio","Se localiza en el Municipio de Victoria, con dirección al ejido de Alta Cumbre","","","834 306 01 57","http://www.inah.gob.mx/es/zonas/54-zona-arqueologica-balcon-de-montezuma","direccion.tamps@inah.gob.mx",-99.17756,23.59033,"http://sic.gob.mx/ficha.php?table=zona_arqueologica&table_id=140","2023-01-16 08:08:39-06"
139,"Tecoaque",29,"Tlaxcala",6,"Calpulalpan",0,"Total del Municipio","","","","246 462 93 75 ext. 378022","https://www.inah.gob.mx/zonas/zona-arqueologica-de-tecoaque","omar_ramirez@inah.gob.mx",-98.62462,19.58518,"http://sic.gob.mx/ficha.php?table=zona_arqueologica&table_id=139","2025-04-25 13:30:07-06"
227,"La Herradura",29,"Tlaxcala",6,"Calpulalpan",0,"Total del Municipio","División del Norte 2","Col. El Mirador","90204","","","",-98.56502,19.57972,"http://sic.gob.mx/ficha.php?table=zona_arqueologica&table_id=227","2025-04-25 15:25:50-06"
106,"Cacaxtla-Xochitécatl",29,"Tlaxcala",23,"Natívitas",0,"Total del Municipio","","","90710","246 416 00 00","http://www.inah.gob.mx/es/zonas/158-zona-arqueologica-de-cacaxtla-xochitecatl","cacaxtlaxochitecatli@inah.gob.mx",-98.33977,19.24373,"http://sic.gob.mx/ficha.php?table=zona_arqueologica&table_id=106","2025-04-25 13:32:13-06"
108,"Tizatlán",29,"Tlaxcala",33,"Tlaxcala",0,"Total del Municipio","Xicotencatl 19","Col. San Estebán Tizatlán","90100","246 462 93 75 ext. 378022","https://www.inah.gob.mx/zonas/zona-arqueologica-de-tizatlan","omar_ramirez@inah.gob.mx",-98.21816,19.33678,"http://sic.gob.mx/ficha.php?table=zona_arqueologica&table_id=108","2022-10-05 08:12:23-05"
188,"Ocotelulco",29,"Tlaxcala",36,"Totolac",0,"Total del Municipio","Grecia s/n","",""," 246 144 58 32","https://www.inah.gob.mx/zonas/zona-arqueologica-de-ocotelulco","tlaxcala.ci@inah.gob.mx",-98.23342,19.33197,"http://sic.gob.mx/ficha.php?table=zona_arqueologica&table_id=188","2022-10-03 07:43:08-05"
112,"Quiahuiztlán",30,"Veracruz de Ignacio de la Llave",4,"Actopan",0,"Total del Municipio","Franja costera de Veracruz","","91667","229 934 42 08","https://www.inah.gob.mx/zonas/165-zona-arqueologica-de-quiahuiztlan","cinah_veracruz@inah.gob.mx",-96.41381,19.66558,"http://sic.gob.mx/ficha.php?table=zona_arqueologica&table_id=112","2024-03-06 09:03:31-06"
118,"Cuajilote",30,"Veracruz de Ignacio de la Llave",23,"Atzalan",0,"Total del Municipio","","","","229 934 42 08","https://www.inah.gob.mx/zonas/148-zona-arqueologica-de-cuajilote","cinah_veracruz@inah.gob.mx",-97.13519,19.94018,"http://sic.gob.mx/ficha.php?table=zona_arqueologica&table_id=118","2022-10-03 07:45:23-05"
117,"Vega de la Peña",30,"Veracruz de Ignacio de la Llave",23,"Atzalan",0,"Total del Municipio","","","","229 934 99 81","http://www.inah.gob.mx/es/zonas/180-zona-arqueologica-vega-de-la-pena","cinah_veracruz@inah.gob.mx",-97.14782,19.96373,"http://sic.gob.mx/ficha.php?table=zona_arqueologica&table_id=117","2023-01-16 08:55:55-06"
138,"Cuauhtochco",30,"Veracruz de Ignacio de la Llave",31,"Carrillo Puerto",0,"Total del Municipio","","Rancho La bajada de género","96950","229 934 42 08, 229 934 52 82 ","","cinah_veracruz@inah.gob.mx ",-96.56038,18.82762,"http://sic.gob.mx/ficha.php?table=zona_arqueologica&table_id=138","2025-04-25 16:11:37-06"
228,"Las Limas",30,"Veracruz de Ignacio de la Llave",91,"Jesús Carranza",0,"Total del Municipio","","","","229 934 42 08, 229 934 52 82 ","","cinah_veracruz@inah.gob.mx",-94.98278,17.43736,"http://sic.gob.mx/ficha.php?table=zona_arqueologica&table_id=228","2025-04-25 17:07:26-06"
115,"El Tajin",30,"Veracruz de Ignacio de la Llave",124,"Papantla",0,"Total del Municipio","Carretera Federal No. 120 Km 130","","93400","229 934 42 08","https://www.inah.gob.mx/zonas/153-zona-arqueologica-el-tajin-y-museo-de-sitio","cinah_veracruz@inah.gob.mx",-97.37804,20.44781,"http://sic.gob.mx/ficha.php?table=zona_arqueologica&table_id=115","2023-01-16 08:26:49-06"
114,"Cuyuxquihui",30,"Veracruz de Ignacio de la Llave",124,"Papantla",0,"Total del Municipio","","","93400","229 934 99 81","https://www.inah.gob.mx/zonas/149-zona-arqueologica-de-cuyuxquihui","cinah_veracruz@inah.gob.mx",-97.2559,20.3128,"http://sic.gob.mx/ficha.php?table=zona_arqueologica&table_id=114","2022-10-05 08:14:30-05"
116,"Tres Zapotes",30,"Veracruz de Ignacio de la Llave",143,"Santiago Tuxtla",0,"Total del Municipio","Congregación de Tres Zapotes, C.P. ","","95830","229 934 42 08","https://www.inah.gob.mx/zonas/185-zona-arqueologica-de-tres-zapotes-con-museo-de-sitio","cinah_veracruz@inah.gob.mx",-95.43581,18.47726,"http://sic.gob.mx/ficha.php?table=zona_arqueologica&table_id=116","2022-02-24 10:30:09-06"
110,"Castillo de Teayo",30,"Veracruz de Ignacio de la Llave",157,"Castillo de Teayo",0,"Total del Municipio","Plaza de la Pirámide s/n","Centro","92940","746 882 00 48","https://www.inah.gob.mx/zonas/143-zona-arqueologica-castillo-de-teayo-con-museo","cinah_veracruz@inah.gob.mx",-97.63325,20.75011,"http://sic.gob.mx/ficha.php?table=zona_arqueologica&table_id=110","2023-01-16 08:24:35-06"
113,"San Lorenzo Tenochtitlan",30,"Veracruz de Ignacio de la Llave",172,"Texistepec",0,"Total del Municipio","Cuauhtémoc s/n","","93780","229 934 42 08","https://www.inah.gob.mx/zonas/186-zona-arqueologica-de-san-lorenzo-tenochtitlan","cinah_veracruz@inah.gob.mx",-94.77198,17.72614,"http://sic.gob.mx/ficha.php?table=zona_arqueologica&table_id=113","2022-10-04 16:05:44-05"
109,"Cempoala",30,"Veracruz de Ignacio de la Llave",191,"Ursulo Galván",0,"Total del Municipio","Francisco del Paso y Troncoso 38","","91667","229 934 42 08","https://www.inah.gob.mx/zonas/144-zona-arqueologica-de-cempoala-con-museo","cinah_veracruz@inah.gob.mx",-96.40292,19.4475,"http://sic.gob.mx/ficha.php?table=zona_arqueologica&table_id=109","2024-10-22 14:45:01-06"
111,"Las Higueras",30,"Veracruz de Ignacio de la Llave",192,"Vega de Alatorre",0,"Total del Municipio","","","93965","229 934 42 08","https://www.inah.gob.mx/zonas/161-zona-arqueologica-las-higueras-con-museo-de-sitio","cinah_veracruz@inah.gob.mx   ",-96.6235,20.03374,"http://sic.gob.mx/ficha.php?table=zona_arqueologica&table_id=111","2022-10-03 07:45:54-05"
121,"Acanceh",31,"Yucatán",2,"Acanceh",0,"Total del Municipio","","","","999 944 40 68","https://www.inah.gob.mx/zonas/zona-arqueologica-de-acanceh","direccion.yuc@inah.gob.mx",-89.45243,20.81339,"http://sic.gob.mx/ficha.php?table=zona_arqueologica&table_id=121","2022-10-04 16:06:34-05"
215,"XCambó ",31,"Yucatán",26,"Dzemul",0,"Total del Municipio","Km 13 de la carretera Dzemul - Xtampú","","","999 913 40 34 exts. 398003, 398080","https://www.inah.gob.mx/zonas/zona-arqueologica-xcambo","direccion.yuc@inah.gob.mx",-89.2883,21.32341,"http://sic.gob.mx/ficha.php?table=zona_arqueologica&table_id=215","2023-01-16 09:07:43-06"
127,"Izamal",31,"Yucatán",40,"Izamal",0,"Total del Municipio","Calle 27","","97540","999 944 40 68","https://www.inah.gob.mx/zonas/zona-arqueologica-de-izamal","direccion.yuc@inah.gob.mx",-89.01654,20.93729,"http://sic.gob.mx/ficha.php?table=zona_arqueologica&table_id=127","2022-10-05 08:17:16-05"
124,"Oxkintok",31,"Yucatán",48,"Maxcanú",0,"Total del Municipio","","","","999 944 40 68, 999 944 00 33","https://www.inah.gob.mx/zonas/zona-arqueologica-de-oxkintok","direccion.yuc@inah.gob.mx",-89.95397,20.56056,"http://sic.gob.mx/ficha.php?table=zona_arqueologica&table_id=124","2022-10-04 16:08:06-05"
133,"Dzibilchaltún",31,"Yucatán",50,"Mérida",0,"Total del Municipio","","","97310","999 944 4068; 999 913 4034, ext. 39800 y 398080","https://www.inah.gob.mx/zonas/zona-arqueologica-de-dzibilchaltun","direccion.yuc@inah.gob.mx",-89.5966,21.09153,"http://sic.gob.mx/ficha.php?table=zona_arqueologica&table_id=133","2024-03-06 06:38:08-06"
136,"Sayil",31,"Yucatán",56,"Oxkutzcab",0,"Total del Municipio","","","","999 913 40 34, ext. 398003","https://www.inah.gob.mx/zonas/zona-arqueologica-de-sayil","direccion.yuc@inah.gob.mx",-89.6525,20.17778,"http://sic.gob.mx/ficha.php?table=zona_arqueologica&table_id=136","2022-10-03 07:48:51-05"
123,"Labná",31,"Yucatán",56,"Oxkutzcab",0,"Total del Municipio","","","","999 944 40 68","https://www.inah.gob.mx/zonas/zona-arqueologica-de-labna","direccion.yuc@inah.gob.mx",-89.57894,20.17222,"http://sic.gob.mx/ficha.php?table=zona_arqueologica&table_id=123","2022-10-03 07:47:58-05"
125,"Loltún",31,"Yucatán",56,"Oxkutzcab",0,"Total del Municipio","","","","999 913 40 34","https://www.inah.gob.mx/zonas/zona-arqueologica-de-loltun","direccion.yuc@inah.gob.mx",-89.45559,20.25367,"http://sic.gob.mx/ficha.php?table=zona_arqueologica&table_id=125","2024-09-20 10:54:43-06"
130,"Xlapac",31,"Yucatán",56,"Oxkutzcab",0,"Total del Municipio","","","","999 944 40 68","https://www.inah.gob.mx/zonas/zona-arqueologica-de-xlapak","direccion.yuc@inah.gob.mx",-89.60625,20.17566,"http://sic.gob.mx/ficha.php?table=zona_arqueologica&table_id=130","2023-01-16 09:04:13-06"
120,"Uxmal",31,"Yucatán",66,"Santa Elena",0,"Total del Municipio","","","","997 976 20 64","https://www.inah.gob.mx/zonas/110-zona-arqueologica-de-uxmal","zauxmal@gmail.com",-89.64306,20.3289,"http://sic.gob.mx/ficha.php?table=zona_arqueologica&table_id=120","2022-10-04 06:54:10-05"
128,"Kabah",31,"Yucatán",66,"Santa Elena",0,"Total del Municipio","Carr. Federal Núm. 261 (Hopelchen-Uman)","","","999 944 40 68","https://www.inah.gob.mx/zonas/zona-arqueologica-de-kabah","direccion.yuc@inah.gob.mx",-89.64761,20.2466,"http://sic.gob.mx/ficha.php?table=zona_arqueologica&table_id=128","2022-10-04 16:07:35-05"
131,"Mayapán",31,"Yucatán",76,"Tecoh",0,"Total del Municipio","Carr. Estatal Núm.18","Mayapán","","999 944 40 68","https://www.inah.gob.mx/zonas/zona-arqueologica-de-mayapan","direccion.yuc@inah.gob.mx",-89.46067,20.62957,"http://sic.gob.mx/ficha.php?table=zona_arqueologica&table_id=131","2022-10-05 08:17:49-05"
122,"Chacmultún",31,"Yucatán",79,"Tekax",0,"Total del Municipio","Se localiza a 130 km al sureste de la ciudad de Mérida, Yucatán","","","999 944 40 68","https://www.inah.gob.mx/zonas/zona-arqueologica-de-chacmultun","direccion.yuc@inah.gob.mx",-89.34517,20.17272,"http://sic.gob.mx/ficha.php?table=zona_arqueologica&table_id=122","2022-10-05 08:16:24-05"
129,"Ek' Balam",31,"Yucatán",85,"Temozón",0,"Total del Municipio","","","","999 944 40 68","https://www.inah.gob.mx/zonas/21-zona-arqueologica-ek-balam","direccion.yuc@inah.gob.mx",-88.14546,20.89348,"http://sic.gob.mx/ficha.php?table=zona_arqueologica&table_id=129","2023-01-16 09:01:50-06"
132,"Balamcanché",31,"Yucatán",91,"Tinum",0,"Total del Municipio","","","","999 944 40 68","https://www.inah.gob.mx/zonas/zona-arqueologica-de-balamcanche","direccion.yuc@inah.gob.mx",-88.53467,20.65874,"http://sic.gob.mx/ficha.php?table=zona_arqueologica&table_id=132","2022-10-04 06:49:22-05"
119,"Chichén ltzá",31,"Yucatán",91,"Tinum",0,"Total del Municipio","Carretera Federal No. 180 (Mérida -Cancún) km 120","","97750","999 944 40 68","https://www.inah.gob.mx/zonas/146-zona-arqueologica-de-chichen-itza","direccion.yuc@inah.gob.mx",-88.56877,20.68314,"http://sic.gob.mx/ficha.php?table=zona_arqueologica&table_id=119","2024-06-04 08:23:24-06"
126,"Aké",31,"Yucatán",93,"Tixkokob",0,"Total del Municipio","Se localiza a 35 km al oriente de Mérida","","","999 944 00 33","https://www.inah.gob.mx/zonas/zona-arqueologica-de-ake","direccion.yuc@inah.gob.mx",-89.30222,20.94912,"http://sic.gob.mx/ficha.php?table=zona_arqueologica&table_id=126","2022-10-03 07:46:58-05"
135,"Alta Vista o Chalchihuites",32,"Zacatecas",9,"Chalchihuites",0,"Total del Municipio","Rancho Colorado","","99260","492 922 50 85","https://www.inah.gob.mx/zonas/zona-arqueologica-altavista-o-chalchihuites","",-103.92533,23.47936,"http://sic.gob.mx/ficha.php?table=zona_arqueologica&table_id=135","2023-01-16 09:11:25-06"
189,"Cerro de las Ventanas",32,"Zacatecas",23,"Juchipila",0,"Total del Municipio","Carretera federal Guadalajara-Saltillo","","","492 145 10 47","https://www.inah.gob.mx/zonas/49-zona-arqueologica-las-ventanas","augusto_torres@inah.gob.mx",-103.13569,21.37177,"http://sic.gob.mx/ficha.php?table=zona_arqueologica&table_id=189","2023-01-16 09:16:06-06"
208,"Cerro del Teúl",32,"Zacatecas",47,"Teúl de González Ortega",0,"Total del Municipio","Extremo sur de la cabecera municipal de Teúl de González Ortega","","","492 923 13 93","http://www.inah.gob.mx","laura_solar@inah.gob.mx",-103.46623,21.45024,"http://sic.gob.mx/ficha.php?table=zona_arqueologica&table_id=208","2023-09-25 15:37:31-06"
134,"La Quemada",32,"Zacatecas",55,"Villanueva",0,"Total del Municipio","Se localiza a 56 km al sur de la ciudad de Zacatecas","","","492 923 13 93","https://www.inah.gob.mx/zonas/112-zona-arqueologica-la-quemada","laquemada_zacatecas@inah.gob.mx",-102.82087,22.45531,"http://sic.gob.mx/ficha.php?table=zona_arqueologica&table_id=134","2023-01-16 09:20:30-06"
